rating_id,bond_id,rating_agency,rating,rating_date,outlook
1,BOND0000,Moodys,A,2015-02-01,Stable
2,BOND0000,Moodys,A-,2020-12-01,Negative
3,BOND0001,Moodys,AAA,2014-07-01,Stable
4,BOND0002,Moodys,AAA,2011-03-01,Stable
5,BOND0003,S&P,BBB,2013-08-01,Stable
6,BOND0004,Moodys,BBB-,2019-12-01,Stable
7,BOND0004,Moodys,BBB,2022-03-01,Positive
8,BOND0005,Moodys,AA-,2010-10-01,Stable
9,BOND0006,S&P,AAA,2018-01-01,Stable
10,BOND0007,Moodys,A+,2022-05-01,Stable
11,BOND0008,Moodys,A-,2015-06-01,Stable
12,BOND0009,S&P,AAA,2022-06-01,Stable
13,BOND0010,S&P,A-,2016-02-01,Stable
14,BOND0010,S&P,A,2024-10-01,Positive
15,BOND0011,Moodys,BBB-,2014-10-01,Stable
16,BOND0012,Moodys,AAA,2022-09-01,Stable
17,BOND0013,S&P,AA+,2015-06-01,Stable
18,BOND0014,S&P,A-,2017-05-01,Stable
19,BOND0015,Fitch,AAA,2022-03-01,Stable
20,BOND0016,S&P,BBB,2015-10-01,Stable
21,BOND0017,Moodys,BBB-,2018-03-01,Stable
22,BOND0018,S&P,AA+,2015-10-01,Stable
23,BOND0019,Moodys,BBB,2010-08-01,Stable
24,BOND0020,Fitch,AA-,2011-04-01,Stable
25,BOND0021,Moodys,AAA,2016-07-01,Stable
26,BOND0022,S&P,BBB-,2014-05-01,Stable
27,BOND0023,Fitch,A,2020-02-01,Stable
28,BOND0024,S&P,AAA,2012-11-01,Stable
29,BOND0025,S&P,AA+,2013-12-01,Stable
30,BOND0026,Moodys,BBB+,2011-05-01,Stable
31,BOND0027,Moodys,AA-,2020-12-01,Stable
32,BOND0028,Fitch,A,2022-04-01,Stable
33,BOND0029,Fitch,AA-,2022-01-01,Stable
34,BOND0030,Moodys,A+,2020-03-01,Stable
35,BOND0031,S&P,AA+,2015-07-01,Stable
36,BOND0031,S&P,AA,2021-05-01,Negative
37,BOND0032,Moodys,AA-,2022-04-01,Stable
38,BOND0033,S&P,AA+,2019-08-01,Stable
39,BOND0034,Fitch,A,2016-08-01,Stable
40,BOND0034,Fitch,A-,2020-07-01,Negative
41,BOND0035,Fitch,AAA,2020-03-01,Stable
42,BOND0036,Fitch,AAA,2010-10-01,Stable
43,BOND0037,Fitch,AA-,2015-10-01,Stable
44,BOND0038,Fitch,BBB+,2013-11-01,Stable
45,BOND0039,Moodys,AAA,2013-09-01,Stable
46,BOND0040,S&P,A-,2010-03-01,Stable
47,BOND0041,Fitch,AAA,2010-03-01,Stable
48,BOND0042,Fitch,AAA,2017-01-01,Stable
49,BOND0043,Moodys,A,2015-02-01,Stable
50,BOND0044,S&P,A,2014-11-01,Stable
51,BOND0045,S&P,AAA,2019-12-01,Stable
52,BOND0046,Moodys,AA,2013-11-01,Stable
53,BOND0047,Moodys,AA-,2020-01-01,Stable
54,BOND0048,Fitch,AA,2012-03-01,Stable
55,BOND0048,Fitch,AA+,2023-09-01,Positive
56,BOND0049,Fitch,A,2016-09-01,Stable
57,BOND0050,Fitch,A+,2018-07-01,Stable
58,BOND0051,S&P,AAA,2010-02-01,Stable
59,BOND0052,Fitch,BBB+,2016-08-01,Stable
60,BOND0053,S&P,BBB,2021-03-01,Stable
61,BOND0054,Moodys,BBB+,2019-06-01,Stable
62,BOND0055,Moodys,A-,2022-11-01,Stable
63,BOND0056,S&P,AAA,2012-05-01,Stable
64,BOND0057,S&P,AA,2019-01-01,Stable
65,BOND0058,S&P,BBB+,2014-10-01,Stable
66,BOND0059,Moodys,A-,2014-08-01,Stable
67,BOND0059,Moodys,A,2023-03-01,Positive
68,BOND0060,Fitch,AAA,2022-01-01,Stable
69,BOND0061,Moodys,BBB,2019-02-01,Stable
70,BOND0062,Moodys,A+,2017-03-01,Stable
71,BOND0063,S&P,BBB+,2017-07-01,Stable
72,BOND0064,S&P,A,2018-06-01,Stable
73,BOND0065,Fitch,AAA,2015-06-01,Stable
74,BOND0066,S&P,AA,2022-06-01,Stable
75,BOND0066,S&P,AA-,2023-12-01,Negative
76,BOND0067,S&P,AAA,2019-11-01,Stable
77,BOND0068,Moodys,A+,2020-08-01,Stable
78,BOND0069,S&P,A,2014-07-01,Stable
79,BOND0070,S&P,AA-,2014-03-01,Stable
80,BOND0071,Fitch,AA+,2022-10-01,Stable
81,BOND0072,S&P,A+,2016-03-01,Stable
82,BOND0073,Fitch,AAA,2022-04-01,Stable
83,BOND0074,S&P,A-,2012-05-01,Stable
84,BOND0075,S&P,AAA,2016-10-01,Stable
85,BOND0076,Fitch,BBB+,2014-05-01,Stable
86,BOND0077,Fitch,A,2014-02-01,Stable
87,BOND0078,Moodys,AA,2014-03-01,Stable
88,BOND0079,S&P,A+,2019-09-01,Stable
89,BOND0080,S&P,A,2010-06-01,Stable
90,BOND0081,Moodys,AA+,2011-12-01,Stable
91,BOND0081,Moodys,AA,2023-11-01,Negative
92,BOND0082,Fitch,AA+,2017-02-01,Stable
93,BOND0083,Moodys,AAA,2018-07-01,Stable
94,BOND0084,Fitch,AA-,2022-10-01,Stable
95,BOND0085,Fitch,A,2022-11-01,Stable
96,BOND0086,S&P,BBB-,2018-06-01,Stable
97,BOND0087,Moodys,A+,2020-11-01,Stable
98,BOND0088,S&P,BBB,2022-07-01,Stable
99,BOND0089,Fitch,A-,2014-12-01,Stable
100,BOND0090,Fitch,AA,2016-05-01,Stable
101,BOND0091,S&P,A-,2010-04-01,Stable
102,BOND0092,S&P,AA+,2014-01-01,Stable
103,BOND0093,S&P,AA,2021-07-01,Stable
104,BOND0094,Fitch,A+,2016-05-01,Stable
105,BOND0095,Moodys,BBB+,2022-07-01,Stable
106,BOND0096,S&P,AAA,2011-12-01,Stable
107,BOND0097,S&P,BBB+,2021-12-01,Stable
108,BOND0097,S&P,BBB,2022-07-01,Negative
109,BOND0098,Moodys,AA,2021-04-01,Stable
110,BOND0099,S&P,BBB+,2012-01-01,Stable
111,BOND0100,S&P,A-,2020-11-01,Stable
112,BOND0101,Moodys,A,2015-05-01,Stable
113,BOND0102,Fitch,BBB+,2016-10-01,Stable
114,BOND0103,Moodys,A+,2012-04-01,Stable
115,BOND0104,S&P,A-,2013-07-01,Stable
116,BOND0105,S&P,AA+,2015-05-01,Stable
117,BOND0106,Moodys,AAA,2018-02-01,Stable
118,BOND0107,Moodys,AA,2012-06-01,Stable
119,BOND0108,Fitch,AA,2021-10-01,Stable
120,BOND0109,Moodys,BBB+,2022-08-01,Stable
121,BOND0110,Fitch,BBB,2010-04-01,Stable
122,BOND0111,S&P,AA+,2011-11-01,Stable
123,BOND0112,S&P,A,2010-09-01,Stable
124,BOND0113,Moodys,AA-,2019-04-01,Stable
125,BOND0114,Moodys,AA+,2022-10-01,Stable
126,BOND0115,Fitch,AA+,2013-01-01,Stable
127,BOND0115,Fitch,AA,2020-06-01,Negative
128,BOND0116,Moodys,AA+,2011-05-01,Stable
129,BOND0117,S&P,AAA,2018-12-01,Stable
130,BOND0118,S&P,AA-,2012-02-01,Stable
131,BOND0119,Moodys,AA,2020-03-01,Stable
132,BOND0120,Fitch,AA-,2015-12-01,Stable
133,BOND0121,Moodys,A+,2019-01-01,Stable
134,BOND0122,Fitch,A+,2010-07-01,Stable
135,BOND0122,Fitch,A,2024-01-01,Negative
136,BOND0123,S&P,AA+,2013-11-01,Stable
137,BOND0124,Fitch,AAA,2021-09-01,Stable
138,BOND0125,Moodys,BBB,2019-03-01,Stable
139,BOND0126,S&P,BBB,2018-12-01,Stable
140,BOND0127,Fitch,A-,2021-04-01,Stable
141,BOND0128,S&P,AAA,2012-05-01,Stable
142,BOND0129,Fitch,BBB+,2018-12-01,Stable
143,BOND0130,Moodys,AA-,2012-12-01,Stable
144,BOND0131,Fitch,BBB,2018-04-01,Stable
145,BOND0132,Moodys,AA,2016-03-01,Stable
146,BOND0133,Fitch,BBB,2016-06-01,Stable
147,BOND0134,Fitch,A+,2016-03-01,Stable
148,BOND0135,Fitch,AAA,2020-04-01,Stable
149,BOND0136,S&P,AAA,2018-06-01,Stable
150,BOND0137,S&P,BBB,2019-10-01,Stable
151,BOND0138,S&P,A-,2012-08-01,Stable
152,BOND0139,Fitch,AA,2011-04-01,Stable
153,BOND0140,Fitch,AA,2010-09-01,Stable
154,BOND0141,S&P,A+,2022-09-01,Stable
155,BOND0142,Moodys,A+,2016-07-01,Stable
156,BOND0143,Moodys,AA,2014-09-01,Stable
157,BOND0144,S&P,AAA,2017-08-01,Stable
158,BOND0145,Moodys,AA+,2019-02-01,Stable
159,BOND0146,Fitch,BBB,2021-01-01,Stable
160,BOND0147,Fitch,AAA,2014-06-01,Stable
161,BOND0148,Fitch,A-,2011-01-01,Stable
162,BOND0149,Fitch,A-,2021-03-01,Stable
163,BOND0150,Moodys,A-,2013-10-01,Stable
164,BOND0151,S&P,AA+,2014-01-01,Stable
165,BOND0152,Moodys,AAA,2017-03-01,Stable
166,BOND0153,Fitch,BBB-,2014-01-01,Stable
167,BOND0154,Moodys,BBB-,2021-06-01,Stable
168,BOND0155,S&P,A-,2018-03-01,Stable
169,BOND0156,S&P,BBB+,2020-06-01,Stable
170,BOND0157,S&P,AA+,2014-06-01,Stable
171,BOND0158,Moodys,A-,2015-12-01,Stable
172,BOND0159,Fitch,AA,2012-10-01,Stable
173,BOND0160,Moodys,AAA,2016-09-01,Stable
174,BOND0161,Moodys,BBB-,2010-04-01,Stable
175,BOND0162,Fitch,BBB+,2016-02-01,Stable
176,BOND0163,S&P,AAA,2018-07-01,Stable
177,BOND0164,Fitch,A,2017-01-01,Stable
178,BOND0165,Fitch,A-,2012-04-01,Stable
179,BOND0166,Fitch,BBB+,2019-05-01,Stable
180,BOND0167,Fitch,A+,2022-03-01,Stable
181,BOND0168,S&P,BBB-,2016-03-01,Stable
182,BOND0169,Fitch,AAA,2019-04-01,Stable
183,BOND0170,Moodys,AAA,2017-08-01,Stable
184,BOND0171,S&P,AAA,2014-09-01,Stable
185,BOND0172,Moodys,AAA,2010-12-01,Stable
186,BOND0173,Moodys,AA,2011-01-01,Stable
187,BOND0174,Moodys,A,2016-08-01,Stable
188,BOND0175,Moodys,BBB+,2022-08-01,Stable
189,BOND0176,S&P,A,2017-03-01,Stable
190,BOND0177,Fitch,A+,2022-12-01,Stable
191,BOND0178,Fitch,A-,2014-04-01,Stable
192,BOND0178,Fitch,A,2021-02-01,Positive
193,BOND0179,S&P,AA-,2022-11-01,Stable
194,BOND0180,S&P,A-,2010-03-01,Stable
195,BOND0181,Moodys,A,2012-04-01,Stable
196,BOND0182,Fitch,AA+,2015-09-01,Stable
197,BOND0183,S&P,A,2012-07-01,Stable
198,BOND0184,S&P,A,2020-10-01,Stable
199,BOND0184,S&P,A-,2024-01-01,Negative
200,BOND0185,Fitch,BBB-,2019-08-01,Stable
201,BOND0186,Fitch,A,2013-07-01,Stable
202,BOND0187,S&P,A,2022-08-01,Stable
203,BOND0187,S&P,A-,2022-09-01,Negative
204,BOND0188,S&P,A-,2020-07-01,Stable
205,BOND0189,Moodys,AA-,2018-04-01,Stable
206,BOND0190,Fitch,AA-,2022-02-01,Stable
207,BOND0191,S&P,A-,2015-11-01,Stable
208,BOND0191,S&P,A,2023-11-01,Positive
209,BOND0192,Moodys,AA,2017-04-01,Stable
210,BOND0193,S&P,BBB,2010-02-01,Stable
211,BOND0194,Fitch,AA+,2017-02-01,Stable
212,BOND0195,S&P,AAA,2019-11-01,Stable
213,BOND0196,Moodys,BBB-,2020-12-01,Stable
214,BOND0197,S&P,A+,2022-11-01,Stable
215,BOND0198,Fitch,BBB+,2018-11-01,Stable
216,BOND0199,Fitch,A-,2014-06-01,Stable
217,BOND0200,Moodys,A,2020-12-01,Stable
218,BOND0201,Moodys,A+,2017-08-01,Stable
219,BOND0202,S&P,BBB-,2014-07-01,Stable
220,BOND0203,Moodys,A-,2019-10-01,Stable
221,BOND0204,Fitch,BBB+,2011-05-01,Stable
222,BOND0205,Fitch,A-,2019-12-01,Stable
223,BOND0206,Fitch,AA+,2020-03-01,Stable
224,BOND0207,S&P,A,2022-11-01,Stable
225,BOND0207,S&P,A+,2023-07-01,Positive
226,BOND0208,Moodys,AAA,2020-06-01,Stable
227,BOND0209,Fitch,A+,2017-09-01,Stable
228,BOND0209,Fitch,A,2022-01-01,Negative
229,BOND0210,Moodys,BBB+,2022-01-01,Stable
230,BOND0211,Fitch,BBB-,2018-07-01,Stable
231,BOND0212,S&P,BBB-,2014-01-01,Stable
232,BOND0213,Moodys,AAA,2017-01-01,Stable
233,BOND0214,Fitch,A+,2010-08-01,Stable
234,BOND0215,Moodys,AAA,2013-11-01,Stable
235,BOND0216,Moodys,AA+,2022-05-01,Stable
236,BOND0217,S&P,A,2012-09-01,Stable
237,BOND0218,Moodys,AA+,2018-07-01,Stable
238,BOND0219,Fitch,AAA,2014-01-01,Stable
239,BOND0220,S&P,AA+,2020-06-01,Stable
240,BOND0221,S&P,AAA,2015-11-01,Stable
241,BOND0222,Moodys,BBB-,2010-01-01,Stable
242,BOND0223,S&P,BBB+,2016-06-01,Stable
243,BOND0224,Moodys,AA-,2021-10-01,Stable
244,BOND0225,Moodys,BBB-,2022-08-01,Stable
245,BOND0226,Moodys,AA+,2022-02-01,Stable
246,BOND0227,Fitch,AAA,2022-01-01,Stable
247,BOND0228,Fitch,AA-,2012-05-01,Stable
248,BOND0229,Fitch,A-,2021-03-01,Stable
249,BOND0230,Fitch,A-,2018-04-01,Stable
250,BOND0231,Moodys,BBB+,2014-06-01,Stable
251,BOND0232,Fitch,AA,2020-07-01,Stable
252,BOND0233,Fitch,BBB-,2014-04-01,Stable
253,BOND0234,S&P,AA-,2017-06-01,Stable
254,BOND0235,S&P,AAA,2018-02-01,Stable
255,BOND0236,Fitch,AAA,2012-07-01,Stable
256,BOND0237,S&P,A,2017-04-01,Stable
257,BOND0238,Moodys,AAA,2021-08-01,Stable
258,BOND0239,Fitch,BBB,2016-10-01,Stable
259,BOND0240,S&P,BBB+,2016-08-01,Stable
260,BOND0241,S&P,AA-,2019-07-01,Stable
261,BOND0242,Moodys,A+,2017-05-01,Stable
262,BOND0243,S&P,BBB-,2018-12-01,Stable
263,BOND0244,Moodys,AAA,2013-04-01,Stable
264,BOND0245,Fitch,BBB,2018-10-01,Stable
265,BOND0246,Fitch,BBB,2011-08-01,Stable
266,BOND0247,Fitch,AAA,2022-09-01,Stable
267,BOND0248,Fitch,BBB,2010-10-01,Stable
268,BOND0249,Fitch,BBB+,2012-01-01,Stable
269,BOND0250,Moodys,AAA,2013-03-01,Stable
270,BOND0251,Moodys,A+,2018-06-01,Stable
271,BOND0252,Fitch,A+,2018-05-01,Stable
272,BOND0252,Fitch,A,2022-06-01,Negative
273,BOND0253,Fitch,AAA,2014-04-01,Stable
274,BOND0254,Moodys,AAA,2011-06-01,Stable
275,BOND0255,Fitch,AAA,2012-10-01,Stable
276,BOND0256,Moodys,AA,2017-07-01,Stable
277,BOND0256,Moodys,AA-,2020-09-01,Negative
278,BOND0257,Moodys,AA+,2021-07-01,Stable
279,BOND0258,S&P,AAA,2014-07-01,Stable
280,BOND0259,Fitch,A+,2015-08-01,Stable
281,BOND0260,Fitch,BBB,2019-08-01,Stable
282,BOND0261,Moodys,AA+,2016-11-01,Stable
283,BOND0262,Moodys,A+,2020-11-01,Stable
284,BOND0263,S&P,AA-,2015-06-01,Stable
285,BOND0264,Moodys,A-,2017-06-01,Stable
286,BOND0265,S&P,BBB-,2011-12-01,Stable
287,BOND0266,Fitch,BBB,2017-05-01,Stable
288,BOND0267,S&P,A,2016-10-01,Stable
289,BOND0268,Fitch,AA-,2015-07-01,Stable
290,BOND0269,Moodys,AA+,2021-04-01,Stable
291,BOND0269,Moodys,AA,2024-02-01,Negative
292,BOND0270,Fitch,BBB+,2014-05-01,Stable
293,BOND0271,S&P,AAA,2021-12-01,Stable
294,BOND0272,S&P,A,2017-09-01,Stable
295,BOND0273,S&P,AAA,2018-10-01,Stable
296,BOND0274,Fitch,AA+,2016-01-01,Stable
297,BOND0275,Moodys,AAA,2012-10-01,Stable
298,BOND0276,Fitch,AA-,2015-09-01,Stable
299,BOND0277,S&P,A+,2019-06-01,Stable
300,BOND0278,Moodys,A+,2011-02-01,Stable
301,BOND0279,S&P,AA-,2015-08-01,Stable
302,BOND0280,Moodys,AA-,2016-08-01,Stable
303,BOND0280,Moodys,AA,2022-01-01,Positive
304,BOND0281,Moodys,AAA,2018-08-01,Stable
305,BOND0282,S&P,A+,2017-04-01,Stable
306,BOND0282,S&P,A,2022-10-01,Negative
307,BOND0283,Fitch,AA+,2013-06-01,Stable
308,BOND0284,S&P,AAA,2020-03-01,Stable
309,BOND0285,Moodys,BBB+,2017-09-01,Stable
310,BOND0286,Moodys,AA+,2016-11-01,Stable
311,BOND0287,S&P,BBB-,2019-10-01,Stable
312,BOND0288,Fitch,AAA,2021-12-01,Stable
313,BOND0289,S&P,AAA,2011-02-01,Stable
314,BOND0290,Moodys,BBB,2012-01-01,Stable
315,BOND0291,Fitch,BBB,2014-02-01,Stable
316,BOND0292,S&P,A+,2022-01-01,Stable
317,BOND0293,Moodys,A,2016-11-01,Stable
318,BOND0294,Moodys,AA,2021-08-01,Stable
319,BOND0295,Moodys,BBB-,2012-02-01,Stable
320,BOND0296,S&P,AAA,2017-12-01,Stable
321,BOND0297,Moodys,AAA,2022-03-01,Stable
322,BOND0298,Fitch,A-,2017-06-01,Stable
323,BOND0299,Moodys,AA+,2022-03-01,Stable
324,BOND0300,S&P,AA,2017-07-01,Stable
325,BOND0301,Moodys,AAA,2012-07-01,Stable
326,BOND0302,S&P,BBB-,2011-08-01,Stable
327,BOND0303,Moodys,AAA,2019-02-01,Stable
328,BOND0304,S&P,BBB,2018-05-01,Stable
329,BOND0305,Fitch,A+,2019-10-01,Stable
330,BOND0306,Fitch,A-,2020-10-01,Stable
331,BOND0307,Fitch,AA-,2012-06-01,Stable
332,BOND0308,S&P,BBB-,2016-06-01,Stable
333,BOND0309,Moodys,A,2018-05-01,Stable
334,BOND0310,Fitch,A,2015-07-01,Stable
335,BOND0311,Fitch,AAA,2019-09-01,Stable
336,BOND0312,Moodys,AA+,2018-11-01,Stable
337,BOND0313,S&P,BBB+,2012-11-01,Stable
338,BOND0314,S&P,AA,2010-10-01,Stable
339,BOND0314,S&P,AA+,2023-06-01,Positive
340,BOND0315,S&P,AAA,2021-06-01,Stable
341,BOND0316,Moodys,AA,2019-06-01,Stable
342,BOND0317,Fitch,A-,2018-07-01,Stable
343,BOND0317,Fitch,A,2024-02-01,Positive
344,BOND0318,Fitch,BBB-,2013-02-01,Stable
345,BOND0319,Fitch,A,2012-06-01,Stable
346,BOND0319,Fitch,A-,2021-04-01,Negative
347,BOND0320,Moodys,AAA,2019-02-01,Stable
348,BOND0321,Moodys,A-,2020-09-01,Stable
349,BOND0322,Fitch,BBB+,2016-11-01,Stable
350,BOND0323,S&P,BBB,2017-06-01,Stable
351,BOND0324,Moodys,A,2017-12-01,Stable
352,BOND0325,S&P,AA+,2021-11-01,Stable
353,BOND0326,S&P,A-,2012-02-01,Stable
354,BOND0326,S&P,A,2023-11-01,Positive
355,BOND0327,S&P,BBB,2013-10-01,Stable
356,BOND0327,S&P,BBB+,2021-02-01,Positive
357,BOND0328,Fitch,AA-,2012-06-01,Stable
358,BOND0329,S&P,BBB+,2020-06-01,Stable
359,BOND0330,S&P,AAA,2014-07-01,Stable
360,BOND0331,Moodys,A+,2021-03-01,Stable
361,BOND0332,Fitch,AAA,2012-03-01,Stable
362,BOND0333,Fitch,AAA,2014-05-01,Stable
363,BOND0334,Moodys,A+,2019-03-01,Stable
364,BOND0335,Moodys,AAA,2016-06-01,Stable
365,BOND0336,S&P,BBB+,2015-11-01,Stable
366,BOND0337,Fitch,A,2016-02-01,Stable
367,BOND0338,Moodys,BBB-,2020-05-01,Stable
368,BOND0339,Fitch,A,2021-07-01,Stable
369,BOND0340,Moodys,AA,2015-11-01,Stable
370,BOND0341,S&P,AA,2021-12-01,Stable
371,BOND0342,S&P,BBB-,2012-10-01,Stable
372,BOND0343,Fitch,BBB,2011-02-01,Stable
373,BOND0344,S&P,AA,2021-08-01,Stable
374,BOND0345,Fitch,AA+,2021-02-01,Stable
375,BOND0346,Moodys,BBB-,2017-06-01,Stable
376,BOND0347,S&P,A-,2019-11-01,Stable
377,BOND0348,S&P,BBB,2010-08-01,Stable
378,BOND0349,Moodys,AA+,2020-08-01,Stable
379,BOND0350,S&P,A,2022-05-01,Stable
380,BOND0351,Moodys,AAA,2010-10-01,Stable
381,BOND0352,S&P,AA-,2020-08-01,Stable
382,BOND0353,S&P,A-,2022-07-01,Stable
383,BOND0354,Moodys,AAA,2014-03-01,Stable
384,BOND0355,Moodys,AA,2021-06-01,Stable
385,BOND0356,S&P,AA,2014-07-01,Stable
386,BOND0357,S&P,AA,2013-11-01,Stable
387,BOND0357,S&P,AA-,2022-11-01,Negative
388,BOND0358,Fitch,AAA,2017-05-01,Stable
389,BOND0359,Moodys,AA,2010-01-01,Stable
390,BOND0360,Moodys,A+,2016-11-01,Stable
391,BOND0361,Moodys,BBB+,2012-10-01,Stable
392,BOND0361,Moodys,BBB,2020-11-01,Negative
393,BOND0362,Fitch,A,2017-01-01,Stable
394,BOND0363,Fitch,AAA,2014-09-01,Stable
395,BOND0364,S&P,AAA,2016-10-01,Stable
396,BOND0365,Moodys,AAA,2022-09-01,Stable
397,BOND0366,Fitch,BBB,2016-03-01,Stable
398,BOND0367,Fitch,BBB-,2013-02-01,Stable
399,BOND0368,Fitch,AA+,2010-05-01,Stable
400,BOND0369,S&P,BBB,2011-07-01,Stable
401,BOND0370,Fitch,BBB+,2014-01-01,Stable
402,BOND0371,Moodys,BBB+,2012-03-01,Stable
403,BOND0372,Moodys,AAA,2012-10-01,Stable
404,BOND0373,Fitch,AAA,2016-08-01,Stable
405,BOND0374,Moodys,BBB+,2018-08-01,Stable
406,BOND0375,Moodys,BBB+,2011-01-01,Stable
407,BOND0376,Moodys,A,2017-02-01,Stable
408,BOND0376,Moodys,A+,2023-08-01,Positive
409,BOND0377,Moodys,BBB,2010-04-01,Stable
410,BOND0378,Moodys,BBB-,2022-03-01,Stable
411,BOND0379,Fitch,AAA,2020-07-01,Stable
412,BOND0380,Fitch,A,2011-01-01,Stable
413,BOND0381,Fitch,AA,2010-05-01,Stable
414,BOND0382,S&P,BBB,2013-09-01,Stable
415,BOND0383,Moodys,AAA,2019-09-01,Stable
416,BOND0384,Moodys,AAA,2010-01-01,Stable
417,BOND0385,S&P,BBB+,2010-04-01,Stable
418,BOND0386,Fitch,A-,2015-11-01,Stable
419,BOND0387,Fitch,BBB+,2020-09-01,Stable
420,BOND0388,Moodys,BBB,2013-11-01,Stable
421,BOND0389,Moodys,A-,2012-07-01,Stable
422,BOND0390,S&P,AAA,2012-02-01,Stable
423,BOND0391,Moodys,BBB,2011-07-01,Stable
424,BOND0391,Moodys,BBB+,2023-02-01,Positive
425,BOND0392,Fitch,AA+,2020-10-01,Stable
426,BOND0393,Fitch,BBB-,2015-01-01,Stable
427,BOND0394,Moodys,AA,2021-10-01,Stable
428,BOND0395,S&P,BBB,2010-04-01,Stable
429,BOND0396,S&P,A,2021-03-01,Stable
430,BOND0397,Moodys,A,2017-05-01,Stable
431,BOND0398,S&P,AAA,2012-08-01,Stable
432,BOND0399,Moodys,AAA,2016-06-01,Stable
433,BOND0400,S&P,A+,2021-05-01,Stable
434,BOND0401,Fitch,AA+,2010-05-01,Stable
435,BOND0402,Moodys,BBB-,2020-01-01,Stable
436,BOND0403,Moodys,AA,2012-05-01,Stable
437,BOND0404,Fitch,BBB+,2017-05-01,Stable
438,BOND0405,S&P,BBB-,2011-03-01,Stable
439,BOND0406,Fitch,A,2017-07-01,Stable
440,BOND0406,Fitch,A-,2020-06-01,Negative
441,BOND0407,Moodys,A-,2015-09-01,Stable
442,BOND0408,Moodys,AA,2013-12-01,Stable
443,BOND0409,S&P,AA,2012-07-01,Stable
444,BOND0409,S&P,AA-,2020-01-01,Negative
445,BOND0410,Moodys,A+,2012-11-01,Stable
446,BOND0411,S&P,BBB+,2013-02-01,Stable
447,BOND0412,S&P,AA+,2017-10-01,Stable
448,BOND0413,Fitch,A,2010-01-01,Stable
449,BOND0414,S&P,AA-,2015-10-01,Stable
450,BOND0415,S&P,A,2020-07-01,Stable
451,BOND0416,S&P,AA-,2011-06-01,Stable
452,BOND0417,Moodys,A-,2022-07-01,Stable
453,BOND0418,Fitch,AAA,2016-08-01,Stable
454,BOND0419,S&P,AA-,2013-11-01,Stable
455,BOND0420,S&P,AAA,2012-12-01,Stable
456,BOND0421,Moodys,A+,2016-08-01,Stable
457,BOND0422,Fitch,BBB,2021-05-01,Stable
458,BOND0423,Fitch,AAA,2020-07-01,Stable
459,BOND0424,S&P,AA+,2020-02-01,Stable
460,BOND0425,Moodys,A+,2012-01-01,Stable
461,BOND0425,Moodys,A,2020-04-01,Negative
462,BOND0426,S&P,AAA,2014-03-01,Stable
463,BOND0427,Moodys,BBB+,2010-09-01,Stable
464,BOND0428,Moodys,BBB-,2013-11-01,Stable
465,BOND0428,Moodys,BBB,2023-07-01,Positive
466,BOND0429,Fitch,AA+,2017-05-01,Stable
467,BOND0430,Fitch,AAA,2012-10-01,Stable
468,BOND0431,Moodys,AAA,2010-10-01,Stable
469,BOND0432,Fitch,BBB,2010-08-01,Stable
470,BOND0433,Fitch,AA+,2017-02-01,Stable
471,BOND0434,Moodys,A+,2014-06-01,Stable
472,BOND0435,Fitch,A+,2011-06-01,Stable
473,BOND0435,Fitch,A,2022-08-01,Negative
474,BOND0436,S&P,BBB+,2017-04-01,Stable
475,BOND0437,S&P,AAA,2016-07-01,Stable
476,BOND0438,Fitch,AA,2018-09-01,Stable
477,BOND0439,Fitch,A,2015-03-01,Stable
478,BOND0440,Moodys,BBB,2014-09-01,Stable
479,BOND0441,S&P,A-,2018-05-01,Stable
480,BOND0442,S&P,BBB+,2010-04-01,Stable
481,BOND0443,Moodys,A+,2015-05-01,Stable
482,BOND0444,S&P,AA+,2015-01-01,Stable
483,BOND0445,S&P,BBB,2020-04-01,Stable
484,BOND0446,Moodys,BBB+,2022-10-01,Stable
485,BOND0447,Moodys,AAA,2012-03-01,Stable
486,BOND0448,Fitch,A-,2015-03-01,Stable
487,BOND0449,Fitch,AA,2020-12-01,Stable
488,BOND0450,S&P,BBB,2014-03-01,Stable
489,BOND0451,Moodys,A+,2016-06-01,Stable
490,BOND0452,Moodys,A,2013-12-01,Stable
491,BOND0452,Moodys,A-,2022-06-01,Negative
492,BOND0453,Fitch,AA,2017-04-01,Stable
493,BOND0454,S&P,AAA,2017-10-01,Stable
494,BOND0455,Fitch,AA,2021-01-01,Stable
495,BOND0456,Fitch,AAA,2021-04-01,Stable
496,BOND0457,S&P,A,2014-08-01,Stable
497,BOND0458,S&P,AA,2015-06-01,Stable
498,BOND0459,Moodys,AAA,2015-04-01,Stable
499,BOND0460,Moodys,AA,2010-07-01,Stable
500,BOND0461,Moodys,AAA,2021-05-01,Stable
501,BOND0462,Fitch,A+,2020-10-01,Stable
502,BOND0463,Moodys,A-,2018-02-01,Stable
503,BOND0464,S&P,AAA,2014-04-01,Stable
504,BOND0465,S&P,BBB-,2013-03-01,Stable
505,BOND0466,S&P,AA+,2011-01-01,Stable
506,BOND0467,S&P,AAA,2018-01-01,Stable
507,BOND0468,S&P,AAA,2016-06-01,Stable
508,BOND0469,Fitch,BBB,2022-06-01,Stable
509,BOND0470,Fitch,BBB-,2018-06-01,Stable
510,BOND0471,Moodys,BBB,2014-07-01,Stable
511,BOND0472,Fitch,BBB,2010-07-01,Stable
512,BOND0472,Fitch,BBB+,2021-01-01,Positive
513,BOND0473,Fitch,AAA,2010-05-01,Stable
514,BOND0474,Fitch,AA,2015-01-01,Stable
515,BOND0475,S&P,AA-,2015-07-01,Stable
516,BOND0476,S&P,AAA,2015-07-01,Stable
517,BOND0477,Moodys,AA,2013-05-01,Stable
518,BOND0478,Moodys,BBB,2017-01-01,Stable
519,BOND0479,Fitch,BBB,2016-01-01,Stable
520,BOND0480,Fitch,A-,2020-03-01,Stable
521,BOND0481,Moodys,BBB,2019-11-01,Stable
522,BOND0482,Fitch,AA-,2014-06-01,Stable
523,BOND0483,Fitch,AA,2016-11-01,Stable
524,BOND0484,S&P,AA+,2019-04-01,Stable
525,BOND0485,S&P,AA-,2012-06-01,Stable
526,BOND0486,S&P,A-,2012-09-01,Stable
527,BOND0487,Moodys,AA+,2016-12-01,Stable
528,BOND0488,S&P,BBB-,2017-01-01,Stable
529,BOND0489,S&P,BBB,2022-04-01,Stable
530,BOND0490,Fitch,AA,2020-07-01,Stable
531,BOND0491,S&P,BBB,2019-05-01,Stable
532,BOND0492,S&P,A,2018-10-01,Stable
533,BOND0493,S&P,BBB-,2010-09-01,Stable
534,BOND0494,Fitch,BBB-,2019-12-01,Stable
535,BOND0495,Moodys,AA-,2020-03-01,Stable
536,BOND0496,S&P,AAA,2012-08-01,Stable
537,BOND0497,Fitch,A-,2011-02-01,Stable
538,BOND0498,S&P,A+,2018-09-01,Stable
539,BOND0499,Fitch,A-,2021-05-01,Stable
540,BOND0500,Moodys,AAA,2014-07-01,Stable
541,BOND0501,S&P,BBB-,2018-06-01,Stable
542,BOND0502,S&P,BBB,2021-04-01,Stable
543,BOND0503,Fitch,AA,2011-12-01,Stable
544,BOND0504,S&P,AAA,2021-03-01,Stable
545,BOND0505,S&P,A,2013-04-01,Stable
546,BOND0505,S&P,A-,2020-08-01,Negative
547,BOND0506,S&P,BBB+,2014-08-01,Stable
548,BOND0507,S&P,A,2018-10-01,Stable
549,BOND0507,S&P,A+,2022-08-01,Positive
550,BOND0508,Moodys,AAA,2019-06-01,Stable
551,BOND0509,Fitch,A-,2016-12-01,Stable
552,BOND0510,S&P,AA+,2018-01-01,Stable
553,BOND0511,Moodys,A+,2020-12-01,Stable
554,BOND0512,Moodys,BBB-,2010-11-01,Stable
555,BOND0513,S&P,AAA,2019-08-01,Stable
556,BOND0514,Fitch,A,2010-01-01,Stable
557,BOND0515,S&P,BBB+,2015-10-01,Stable
558,BOND0516,Fitch,AA+,2018-01-01,Stable
559,BOND0517,S&P,BBB-,2014-03-01,Stable
560,BOND0518,Fitch,AA,2014-12-01,Stable
561,BOND0519,Fitch,AA-,2014-03-01,Stable
562,BOND0520,Fitch,BBB+,2020-11-01,Stable
563,BOND0521,Moodys,BBB-,2016-07-01,Stable
564,BOND0521,Moodys,BBB,2023-08-01,Positive
565,BOND0522,Fitch,BBB-,2016-10-01,Stable
566,BOND0523,S&P,BBB,2020-02-01,Stable
567,BOND0524,Moodys,AA-,2010-05-01,Stable
568,BOND0524,Moodys,AA,2022-07-01,Positive
569,BOND0525,S&P,A-,2020-07-01,Stable
570,BOND0526,S&P,AAA,2017-01-01,Stable
571,BOND0527,Fitch,AAA,2016-05-01,Stable
572,BOND0528,Moodys,AA+,2021-09-01,Stable
573,BOND0529,Moodys,AA,2016-12-01,Stable
574,BOND0530,S&P,A,2022-02-01,Stable
575,BOND0531,S&P,A-,2015-03-01,Stable
576,BOND0532,Fitch,AA,2015-02-01,Stable
577,BOND0533,S&P,A+,2010-12-01,Stable
578,BOND0534,Fitch,AAA,2012-02-01,Stable
579,BOND0535,Moodys,BBB,2018-03-01,Stable
580,BOND0536,S&P,AA-,2010-09-01,Stable
581,BOND0537,S&P,A-,2010-08-01,Stable
582,BOND0538,Fitch,A-,2012-03-01,Stable
583,BOND0539,Fitch,AAA,2010-10-01,Stable
584,BOND0540,Fitch,BBB-,2014-08-01,Stable
585,BOND0541,Fitch,AA+,2013-06-01,Stable
586,BOND0542,Fitch,AA,2011-03-01,Stable
587,BOND0543,S&P,BBB,2018-05-01,Stable
588,BOND0543,S&P,BBB+,2022-01-01,Positive
589,BOND0544,Moodys,AA,2019-03-01,Stable
590,BOND0545,Fitch,AA+,2011-10-01,Stable
591,BOND0546,Moodys,BBB,2019-10-01,Stable
592,BOND0547,Fitch,AAA,2013-01-01,Stable
593,BOND0548,Fitch,A+,2015-07-01,Stable
594,BOND0549,S&P,AA,2019-12-01,Stable
595,BOND0550,S&P,BBB,2019-08-01,Stable
596,BOND0551,S&P,AA-,2011-04-01,Stable
597,BOND0552,Moodys,BBB+,2012-08-01,Stable
598,BOND0553,S&P,A-,2013-05-01,Stable
599,BOND0554,Fitch,A-,2017-10-01,Stable
600,BOND0555,Moodys,A,2014-03-01,Stable
601,BOND0556,Fitch,BBB,2010-05-01,Stable
602,BOND0557,Fitch,BBB,2022-06-01,Stable
603,BOND0558,Fitch,AAA,2015-12-01,Stable
604,BOND0559,S&P,AA,2014-06-01,Stable
605,BOND0559,S&P,AA-,2021-10-01,Negative
606,BOND0560,Moodys,A+,2022-12-01,Stable
607,BOND0561,S&P,AAA,2014-01-01,Stable
608,BOND0562,Fitch,BBB,2010-11-01,Stable
609,BOND0562,Fitch,BBB-,2024-07-01,Negative
610,BOND0563,S&P,A+,2018-07-01,Stable
611,BOND0564,Moodys,AAA,2017-07-01,Stable
612,BOND0565,Moodys,AA+,2014-06-01,Stable
613,BOND0566,Fitch,BBB,2015-06-01,Stable
614,BOND0566,Fitch,BBB+,2022-05-01,Positive
615,BOND0567,Moodys,AAA,2017-12-01,Stable
616,BOND0568,Moodys,AAA,2017-08-01,Stable
617,BOND0569,Fitch,AAA,2021-01-01,Stable
618,BOND0570,Fitch,AAA,2019-11-01,Stable
619,BOND0571,Moodys,AAA,2020-04-01,Stable
620,BOND0572,Fitch,AAA,2015-08-01,Stable
621,BOND0573,Moodys,A-,2019-02-01,Stable
622,BOND0574,Fitch,A+,2021-10-01,Stable
623,BOND0575,Moodys,AA-,2016-06-01,Stable
624,BOND0576,Fitch,A,2019-01-01,Stable
625,BOND0577,S&P,AAA,2011-06-01,Stable
626,BOND0578,S&P,BBB+,2010-01-01,Stable
627,BOND0579,S&P,AAA,2021-08-01,Stable
628,BOND0580,Fitch,AAA,2015-04-01,Stable
629,BOND0581,Fitch,A-,2014-06-01,Stable
630,BOND0582,Fitch,A+,2013-04-01,Stable
631,BOND0583,Moodys,AAA,2011-09-01,Stable
632,BOND0584,Moodys,AAA,2017-03-01,Stable
633,BOND0585,Moodys,BBB,2012-01-01,Stable
634,BOND0586,S&P,BBB+,2014-02-01,Stable
635,BOND0587,Moodys,BBB,2015-01-01,Stable
636,BOND0587,Moodys,BBB-,2024-07-01,Negative
637,BOND0588,S&P,AAA,2022-10-01,Stable
638,BOND0589,Moodys,A,2011-07-01,Stable
639,BOND0590,Moodys,AAA,2018-07-01,Stable
640,BOND0591,Moodys,BBB-,2016-10-01,Stable
641,BOND0592,S&P,AA+,2014-05-01,Stable
642,BOND0593,Fitch,AAA,2022-07-01,Stable
643,BOND0594,Fitch,BBB+,2019-11-01,Stable
644,BOND0595,S&P,AAA,2019-10-01,Stable
645,BOND0596,Fitch,AA+,2012-10-01,Stable
646,BOND0597,Fitch,A+,2018-09-01,Stable
647,BOND0598,Moodys,AAA,2017-08-01,Stable
648,BOND0599,Moodys,A+,2020-01-01,Stable
649,BOND0600,Moodys,A+,2020-08-01,Stable
650,BOND0601,Moodys,BBB+,2012-11-01,Stable
651,BOND0602,Moodys,AA,2015-02-01,Stable
652,BOND0603,S&P,AAA,2015-07-01,Stable
653,BOND0604,Fitch,A,2019-02-01,Stable
654,BOND0605,Moodys,BBB-,2019-07-01,Stable
655,BOND0606,S&P,AA+,2019-11-01,Stable
656,BOND0607,S&P,BBB+,2021-11-01,Stable
657,BOND0608,Fitch,BBB-,2022-09-01,Stable
658,BOND0609,Moodys,A+,2018-04-01,Stable
659,BOND0610,Fitch,AA,2015-12-01,Stable
660,BOND0611,Moodys,BBB,2018-05-01,Stable
661,BOND0612,Fitch,A+,2011-10-01,Stable
662,BOND0613,Fitch,A-,2022-06-01,Stable
663,BOND0614,Fitch,BBB+,2012-04-01,Stable
664,BOND0615,S&P,AAA,2018-09-01,Stable
665,BOND0616,Fitch,AAA,2018-12-01,Stable
666,BOND0617,Moodys,AAA,2018-07-01,Stable
667,BOND0618,Moodys,BBB+,2018-10-01,Stable
668,BOND0619,Fitch,AAA,2012-08-01,Stable
669,BOND0620,S&P,BBB+,2011-05-01,Stable
670,BOND0621,Moodys,BBB+,2016-05-01,Stable
671,BOND0622,Fitch,A,2020-09-01,Stable
672,BOND0623,S&P,AA+,2012-05-01,Stable
673,BOND0623,S&P,AA,2021-09-01,Negative
674,BOND0624,Moodys,AAA,2012-07-01,Stable
675,BOND0625,Moodys,A,2010-01-01,Stable
676,BOND0626,Fitch,A,2021-06-01,Stable
677,BOND0626,Fitch,A-,2022-07-01,Negative
678,BOND0627,S&P,BBB,2017-06-01,Stable
679,BOND0628,Moodys,BBB-,2018-12-01,Stable
680,BOND0629,S&P,BBB,2021-12-01,Stable
681,BOND0630,Fitch,AAA,2013-07-01,Stable
682,BOND0631,Moodys,A-,2018-09-01,Stable
683,BOND0632,Fitch,AAA,2020-05-01,Stable
684,BOND0633,Fitch,AAA,2014-08-01,Stable
685,BOND0634,S&P,AAA,2019-05-01,Stable
686,BOND0635,S&P,BBB,2020-06-01,Stable
687,BOND0635,S&P,BBB+,2022-06-01,Positive
688,BOND0636,Fitch,AAA,2011-12-01,Stable
689,BOND0637,Moodys,AA+,2011-02-01,Stable
690,BOND0638,S&P,A,2013-05-01,Stable
691,BOND0639,S&P,BBB,2020-03-01,Stable
692,BOND0640,Moodys,BBB-,2012-06-01,Stable
693,BOND0641,Fitch,A,2018-07-01,Stable
694,BOND0641,Fitch,A-,2021-02-01,Negative
695,BOND0642,Fitch,A-,2013-08-01,Stable
696,BOND0643,Moodys,BBB-,2012-11-01,Stable
697,BOND0644,Fitch,BBB,2017-07-01,Stable
698,BOND0645,Fitch,A,2020-09-01,Stable
699,BOND0646,S&P,AA-,2018-01-01,Stable
700,BOND0647,Fitch,AA+,2013-12-01,Stable
701,BOND0648,S&P,AAA,2018-06-01,Stable
702,BOND0649,Moodys,BBB+,2016-01-01,Stable
703,BOND0650,Moodys,AA,2019-10-01,Stable
704,BOND0651,S&P,A,2015-11-01,Stable
705,BOND0652,Moodys,BBB-,2022-01-01,Stable
706,BOND0653,S&P,A+,2014-12-01,Stable
707,BOND0654,S&P,A-,2011-02-01,Stable
708,BOND0655,S&P,A,2022-07-01,Stable
709,BOND0656,Fitch,A,2017-07-01,Stable
710,BOND0657,Fitch,BBB-,2018-09-01,Stable
711,BOND0658,S&P,AAA,2012-11-01,Stable
712,BOND0659,Fitch,A+,2022-05-01,Stable
713,BOND0660,S&P,A,2013-01-01,Stable
714,BOND0660,S&P,A-,2021-10-01,Negative
715,BOND0661,Fitch,A,2016-11-01,Stable
716,BOND0662,Moodys,A+,2013-10-01,Stable
717,BOND0663,S&P,BBB-,2010-01-01,Stable
718,BOND0664,Fitch,AAA,2017-11-01,Stable
719,BOND0665,Fitch,AA-,2014-08-01,Stable
720,BOND0666,Fitch,AAA,2021-03-01,Stable
721,BOND0667,S&P,AA,2018-02-01,Stable
722,BOND0668,S&P,BBB,2011-07-01,Stable
723,BOND0668,S&P,BBB-,2020-04-01,Negative
724,BOND0669,S&P,A,2018-07-01,Stable
725,BOND0670,Moodys,BBB+,2022-01-01,Stable
726,BOND0671,S&P,AAA,2022-02-01,Stable
727,BOND0672,Moodys,AA,2021-12-01,Stable
728,BOND0673,Moodys,AAA,2020-04-01,Stable
729,BOND0674,Fitch,A-,2022-10-01,Stable
730,BOND0675,Moodys,A,2022-03-01,Stable
731,BOND0676,Fitch,AAA,2020-12-01,Stable
732,BOND0677,Fitch,A+,2011-01-01,Stable
733,BOND0678,Moodys,BBB-,2011-12-01,Stable
734,BOND0679,S&P,AA-,2015-07-01,Stable
735,BOND0680,Moodys,BBB+,2021-01-01,Stable
736,BOND0681,Moodys,BBB-,2011-01-01,Stable
737,BOND0682,S&P,A-,2021-12-01,Stable
738,BOND0683,S&P,AAA,2018-07-01,Stable
739,BOND0684,Fitch,A,2016-11-01,Stable
740,BOND0685,S&P,AAA,2013-04-01,Stable
741,BOND0686,S&P,AAA,2010-04-01,Stable
742,BOND0687,S&P,BBB+,2018-09-01,Stable
743,BOND0688,S&P,AAA,2014-03-01,Stable
744,BOND0689,Fitch,AAA,2014-09-01,Stable
745,BOND0690,Fitch,A+,2016-03-01,Stable
746,BOND0691,S&P,BBB+,2010-01-01,Stable
747,BOND0692,Moodys,AAA,2022-11-01,Stable
748,BOND0693,Fitch,BBB-,2015-10-01,Stable
749,BOND0694,S&P,AA-,2020-03-01,Stable
750,BOND0695,S&P,BBB-,2013-04-01,Stable
751,BOND0696,S&P,AAA,2017-12-01,Stable
752,BOND0697,S&P,BBB,2010-12-01,Stable
753,BOND0698,Fitch,AAA,2011-03-01,Stable
754,BOND0699,Fitch,A-,2018-04-01,Stable
755,BOND0700,Fitch,A,2016-11-01,Stable
756,BOND0701,Fitch,A,2022-01-01,Stable
757,BOND0702,S&P,AA-,2013-07-01,Stable
758,BOND0702,S&P,AA,2021-04-01,Positive
759,BOND0703,Moodys,A-,2018-12-01,Stable
760,BOND0704,Fitch,AAA,2019-10-01,Stable
761,BOND0705,Moodys,AAA,2015-05-01,Stable
762,BOND0706,S&P,AA+,2020-01-01,Stable
763,BOND0707,Fitch,BBB,2013-07-01,Stable
764,BOND0708,S&P,BBB-,2021-10-01,Stable
765,BOND0709,Moodys,AA+,2021-03-01,Stable
766,BOND0710,Fitch,BBB-,2015-08-01,Stable
767,BOND0710,Fitch,BBB,2021-05-01,Positive
768,BOND0711,S&P,AA,2014-09-01,Stable
769,BOND0712,S&P,A,2018-04-01,Stable
770,BOND0712,S&P,A-,2021-06-01,Negative
771,BOND0713,Fitch,BBB+,2022-10-01,Stable
772,BOND0714,Fitch,A-,2021-03-01,Stable
773,BOND0715,Fitch,AAA,2011-09-01,Stable
774,BOND0716,Fitch,AAA,2014-04-01,Stable
775,BOND0717,Fitch,A-,2020-10-01,Stable
776,BOND0718,Moodys,BBB-,2021-10-01,Stable
777,BOND0719,Fitch,A+,2014-06-01,Stable
778,BOND0720,S&P,AA+,2022-04-01,Stable
779,BOND0721,Fitch,A+,2022-09-01,Stable
780,BOND0722,Fitch,AA,2015-06-01,Stable
781,BOND0723,Moodys,AA-,2019-07-01,Stable
782,BOND0724,Fitch,AAA,2010-02-01,Stable
783,BOND0725,S&P,A+,2016-01-01,Stable
784,BOND0726,Fitch,A,2019-01-01,Stable
785,BOND0727,Moodys,AAA,2014-04-01,Stable
786,BOND0728,Moodys,BBB+,2011-10-01,Stable
787,BOND0729,Fitch,AAA,2014-06-01,Stable
788,BOND0730,Fitch,AAA,2013-09-01,Stable
789,BOND0731,S&P,BBB,2017-05-01,Stable
790,BOND0732,Fitch,AA+,2012-02-01,Stable
791,BOND0733,S&P,AAA,2016-03-01,Stable
792,BOND0734,Fitch,A,2014-06-01,Stable
793,BOND0734,Fitch,A+,2022-03-01,Positive
794,BOND0735,Moodys,AAA,2017-11-01,Stable
795,BOND0736,Fitch,AAA,2012-10-01,Stable
796,BOND0737,S&P,AAA,2010-10-01,Stable
797,BOND0738,Fitch,BBB,2016-11-01,Stable
798,BOND0739,Fitch,AA-,2022-12-01,Stable
799,BOND0740,S&P,AA-,2012-09-01,Stable
800,BOND0741,Moodys,A+,2022-05-01,Stable
801,BOND0742,Fitch,BBB+,2013-01-01,Stable
802,BOND0743,S&P,AA+,2022-02-01,Stable
803,BOND0744,Fitch,A+,2020-04-01,Stable
804,BOND0745,Fitch,AA+,2011-01-01,Stable
805,BOND0746,S&P,A,2015-05-01,Stable
806,BOND0747,S&P,A+,2016-11-01,Stable
807,BOND0748,S&P,AAA,2014-01-01,Stable
808,BOND0749,S&P,BBB-,2020-02-01,Stable
809,BOND0750,Moodys,AAA,2017-08-01,Stable
810,BOND0751,S&P,BBB,2020-04-01,Stable
811,BOND0752,Fitch,AAA,2013-04-01,Stable
812,BOND0753,S&P,AAA,2022-06-01,Stable
813,BOND0754,S&P,AAA,2013-04-01,Stable
814,BOND0755,Fitch,A+,2016-09-01,Stable
815,BOND0756,Moodys,A+,2017-03-01,Stable
816,BOND0757,Fitch,A,2020-03-01,Stable
817,BOND0758,Fitch,AA,2010-03-01,Stable
818,BOND0759,Fitch,BBB-,2017-10-01,Stable
819,BOND0760,S&P,A,2018-07-01,Stable
820,BOND0761,S&P,AAA,2019-09-01,Stable
821,BOND0762,Fitch,BBB-,2021-11-01,Stable
822,BOND0763,S&P,AA,2020-01-01,Stable
823,BOND0763,S&P,AA+,2024-03-01,Positive
824,BOND0764,Moodys,AAA,2021-01-01,Stable
825,BOND0765,Fitch,AAA,2017-05-01,Stable
826,BOND0766,Fitch,BBB-,2010-03-01,Stable
827,BOND0767,Fitch,AAA,2018-12-01,Stable
828,BOND0768,S&P,AAA,2012-04-01,Stable
829,BOND0769,S&P,AA,2018-02-01,Stable
830,BOND0770,Fitch,BBB,2013-04-01,Stable
831,BOND0770,Fitch,BBB+,2021-04-01,Positive
832,BOND0771,Moodys,A+,2017-12-01,Stable
833,BOND0772,S&P,A-,2018-04-01,Stable
834,BOND0773,Fitch,BBB+,2017-03-01,Stable
835,BOND0774,S&P,AA-,2012-06-01,Stable
836,BOND0774,S&P,AA,2021-04-01,Positive
837,BOND0775,Fitch,AAA,2015-02-01,Stable
838,BOND0776,Fitch,A,2016-01-01,Stable
839,BOND0777,S&P,AAA,2020-04-01,Stable
840,BOND0778,Moodys,BBB+,2020-04-01,Stable
841,BOND0779,Moodys,A,2010-01-01,Stable
842,BOND0780,S&P,A+,2015-06-01,Stable
843,BOND0781,Moodys,A-,2019-10-01,Stable
844,BOND0782,Fitch,AA+,2018-10-01,Stable
845,BOND0783,Fitch,AA,2021-10-01,Stable
846,BOND0783,Fitch,AA+,2024-12-01,Positive
847,BOND0784,Fitch,A,2012-03-01,Stable
848,BOND0785,Fitch,BBB+,2011-01-01,Stable
849,BOND0786,Fitch,BBB+,2017-01-01,Stable
850,BOND0787,Moodys,BBB,2015-04-01,Stable
851,BOND0788,Fitch,AAA,2012-03-01,Stable
852,BOND0789,Fitch,AAA,2014-11-01,Stable
853,BOND0790,Moodys,AAA,2017-09-01,Stable
854,BOND0791,Moodys,AA+,2020-05-01,Stable
855,BOND0792,Fitch,AA-,2014-06-01,Stable
856,BOND0792,Fitch,AA,2023-12-01,Positive
857,BOND0793,S&P,BBB,2017-06-01,Stable
858,BOND0794,S&P,AA,2017-12-01,Stable
859,BOND0795,Fitch,AAA,2016-06-01,Stable
860,BOND0796,Moodys,A+,2020-01-01,Stable
861,BOND0797,Fitch,A-,2012-10-01,Stable
862,BOND0798,S&P,AAA,2019-07-01,Stable
863,BOND0799,Fitch,BBB,2020-08-01,Stable
864,BOND0800,Moodys,AAA,2019-03-01,Stable
865,BOND0801,Fitch,AA,2020-12-01,Stable
866,BOND0802,S&P,BBB,2013-10-01,Stable
867,BOND0803,S&P,AAA,2015-08-01,Stable
868,BOND0804,S&P,AAA,2017-11-01,Stable
869,BOND0805,S&P,AAA,2011-08-01,Stable
870,BOND0806,Fitch,AAA,2019-12-01,Stable
871,BOND0807,Moodys,AAA,2011-10-01,Stable
872,BOND0808,S&P,BBB+,2016-05-01,Stable
873,BOND0809,Fitch,A+,2021-11-01,Stable
874,BOND0810,Moodys,AAA,2014-07-01,Stable
875,BOND0811,S&P,BBB-,2021-06-01,Stable
876,BOND0812,Moodys,AA+,2018-05-01,Stable
877,BOND0813,S&P,BBB,2019-11-01,Stable
878,BOND0813,S&P,BBB+,2024-10-01,Positive
879,BOND0814,Fitch,BBB+,2017-06-01,Stable
880,BOND0815,S&P,A+,2012-10-01,Stable
881,BOND0815,S&P,A,2022-03-01,Negative
882,BOND0816,S&P,AAA,2015-11-01,Stable
883,BOND0817,S&P,BBB-,2020-01-01,Stable
884,BOND0818,Fitch,BBB-,2016-06-01,Stable
885,BOND0819,Moodys,BBB-,2018-07-01,Stable
886,BOND0820,Fitch,AA-,2011-02-01,Stable
887,BOND0821,Moodys,AA,2019-08-01,Stable
888,BOND0822,Fitch,BBB-,2021-05-01,Stable
889,BOND0823,S&P,AAA,2016-08-01,Stable
890,BOND0824,S&P,AAA,2017-08-01,Stable
891,BOND0825,S&P,BBB,2014-04-01,Stable
892,BOND0826,S&P,A,2014-02-01,Stable
893,BOND0827,Fitch,AA,2019-03-01,Stable
894,BOND0828,Moodys,BBB+,2013-10-01,Stable
895,BOND0829,Fitch,BBB+,2017-04-01,Stable
896,BOND0830,S&P,BBB,2013-03-01,Stable
897,BOND0831,S&P,BBB-,2010-06-01,Stable
898,BOND0832,S&P,AA-,2013-07-01,Stable
899,BOND0833,S&P,A,2022-07-01,Stable
900,BOND0834,Fitch,BBB,2012-11-01,Stable
901,BOND0835,Moodys,BBB-,2013-01-01,Stable
902,BOND0836,S&P,BBB,2018-10-01,Stable
903,BOND0837,Fitch,BBB+,2021-09-01,Stable
904,BOND0838,Moodys,BBB+,2010-10-01,Stable
905,BOND0839,Moodys,AAA,2015-02-01,Stable
906,BOND0840,Fitch,A,2013-05-01,Stable
907,BOND0841,Fitch,A+,2021-08-01,Stable
908,BOND0841,Fitch,A,2021-09-01,Negative
909,BOND0842,Moodys,A,2011-08-01,Stable
910,BOND0843,S&P,AA-,2017-08-01,Stable
911,BOND0844,S&P,AA,2014-12-01,Stable
912,BOND0844,S&P,AA+,2024-09-01,Positive
913,BOND0845,Fitch,AA-,2016-09-01,Stable
914,BOND0846,Fitch,A+,2016-06-01,Stable
915,BOND0847,Fitch,A-,2015-05-01,Stable
916,BOND0848,S&P,AA+,2016-01-01,Stable
917,BOND0849,S&P,BBB-,2016-01-01,Stable
918,BOND0850,Fitch,AAA,2021-07-01,Stable
919,BOND0851,Fitch,AAA,2011-04-01,Stable
920,BOND0852,S&P,BBB+,2013-01-01,Stable
921,BOND0853,Moodys,BBB,2021-07-01,Stable
922,BOND0854,Moodys,A,2015-08-01,Stable
923,BOND0855,Moodys,AAA,2022-07-01,Stable
924,BOND0856,S&P,AA+,2016-08-01,Stable
925,BOND0857,Fitch,AAA,2018-10-01,Stable
926,BOND0858,Moodys,BBB-,2014-08-01,Stable
927,BOND0858,Moodys,BBB,2021-03-01,Positive
928,BOND0859,S&P,AA,2017-06-01,Stable
929,BOND0859,S&P,AA+,2023-08-01,Positive
930,BOND0860,Moodys,AAA,2014-09-01,Stable
931,BOND0861,Moodys,AA+,2019-08-01,Stable
932,BOND0862,S&P,AAA,2011-10-01,Stable
933,BOND0863,Fitch,A,2015-07-01,Stable
934,BOND0863,Fitch,A+,2020-04-01,Positive
935,BOND0864,S&P,AA-,2019-02-01,Stable
936,BOND0865,S&P,AA,2022-02-01,Stable
937,BOND0866,S&P,BBB-,2014-04-01,Stable
938,BOND0867,Fitch,BBB,2016-05-01,Stable
939,BOND0868,S&P,AA-,2021-10-01,Stable
940,BOND0869,Fitch,A,2020-06-01,Stable
941,BOND0870,Moodys,AA,2015-10-01,Stable
942,BOND0871,S&P,A-,2019-02-01,Stable
943,BOND0872,Moodys,BBB+,2017-07-01,Stable
944,BOND0873,S&P,BBB+,2022-02-01,Stable
945,BOND0873,S&P,BBB,2023-09-01,Negative
946,BOND0874,S&P,A+,2012-03-01,Stable
947,BOND0875,S&P,AA-,2015-12-01,Stable
948,BOND0876,Moodys,A+,2015-09-01,Stable
949,BOND0877,Fitch,AA-,2016-01-01,Stable
950,BOND0877,Fitch,AA,2023-07-01,Positive
951,BOND0878,S&P,AAA,2010-06-01,Stable
952,BOND0879,Moodys,A,2012-02-01,Stable
953,BOND0880,S&P,AAA,2014-05-01,Stable
954,BOND0881,S&P,BBB-,2016-12-01,Stable
955,BOND0882,S&P,BBB-,2011-03-01,Stable
956,BOND0883,Fitch,BBB,2022-09-01,Stable
957,BOND0884,Moodys,AA+,2013-05-01,Stable
958,BOND0885,Fitch,AAA,2018-08-01,Stable
959,BOND0886,S&P,AA,2015-10-01,Stable
960,BOND0887,S&P,AAA,2021-04-01,Stable
961,BOND0888,S&P,AA+,2016-04-01,Stable
962,BOND0889,Fitch,BBB-,2017-11-01,Stable
963,BOND0890,Fitch,AA,2010-07-01,Stable
964,BOND0891,Fitch,AAA,2015-03-01,Stable
965,BOND0892,S&P,A-,2014-03-01,Stable
966,BOND0893,Fitch,AAA,2015-03-01,Stable
967,BOND0894,S&P,AAA,2022-12-01,Stable
968,BOND0895,Moodys,AAA,2014-02-01,Stable
969,BOND0896,S&P,BBB-,2010-12-01,Stable
970,BOND0897,S&P,BBB+,2019-04-01,Stable
971,BOND0898,S&P,A-,2010-03-01,Stable
972,BOND0899,Fitch,AA+,2010-12-01,Stable
973,BOND0900,S&P,AAA,2011-05-01,Stable
974,BOND0901,S&P,A+,2016-04-01,Stable
975,BOND0902,Moodys,A-,2016-04-01,Stable
976,BOND0903,S&P,AAA,2017-08-01,Stable
977,BOND0904,Moodys,AA-,2010-08-01,Stable
978,BOND0905,Moodys,A,2012-01-01,Stable
979,BOND0905,Moodys,A+,2023-08-01,Positive
980,BOND0906,S&P,A-,2013-06-01,Stable
981,BOND0907,Moodys,A+,2021-07-01,Stable
982,BOND0908,S&P,BBB,2021-10-01,Stable
983,BOND0909,Moodys,BBB+,2015-08-01,Stable
984,BOND0910,Fitch,AA+,2022-01-01,Stable
985,BOND0911,Moodys,AAA,2012-01-01,Stable
986,BOND0912,S&P,A+,2021-11-01,Stable
987,BOND0913,S&P,AA,2014-08-01,Stable
988,BOND0914,Fitch,BBB-,2012-07-01,Stable
989,BOND0915,S&P,BBB,2015-05-01,Stable
990,BOND0916,Moodys,AA+,2021-02-01,Stable
991,BOND0917,Fitch,A+,2014-06-01,Stable
992,BOND0918,Fitch,BBB-,2016-07-01,Stable
993,BOND0919,Moodys,AAA,2016-01-01,Stable
994,BOND0920,Fitch,AAA,2020-01-01,Stable
995,BOND0921,S&P,A+,2010-10-01,Stable
996,BOND0922,Moodys,BBB+,2014-10-01,Stable
997,BOND0923,Fitch,AAA,2021-08-01,Stable
998,BOND0924,S&P,A,2018-07-01,Stable
999,BOND0925,Moodys,A,2011-11-01,Stable
1000,BOND0926,Fitch,AAA,2021-04-01,Stable
1001,BOND0927,Fitch,BBB+,2014-06-01,Stable
1002,BOND0928,Moodys,A,2018-12-01,Stable
1003,BOND0929,Fitch,AAA,2015-09-01,Stable
1004,BOND0930,Moodys,A+,2016-12-01,Stable
1005,BOND0931,Fitch,A+,2014-01-01,Stable
1006,BOND0932,S&P,AA,2016-04-01,Stable
1007,BOND0933,Moodys,BBB-,2021-06-01,Stable
1008,BOND0934,Fitch,AAA,2018-06-01,Stable
1009,BOND0935,Fitch,AA-,2011-06-01,Stable
1010,BOND0936,Fitch,AAA,2011-07-01,Stable
1011,BOND0937,Moodys,A,2017-01-01,Stable
1012,BOND0938,S&P,BBB,2021-02-01,Stable
1013,BOND0939,S&P,AA,2021-11-01,Stable
1014,BOND0940,Moodys,BBB-,2012-02-01,Stable
1015,BOND0941,Fitch,AA,2011-12-01,Stable
1016,BOND0942,Fitch,A+,2014-01-01,Stable
1017,BOND0943,Fitch,AA,2016-11-01,Stable
1018,BOND0944,S&P,BBB+,2022-11-01,Stable
1019,BOND0945,Moodys,AA-,2012-03-01,Stable
1020,BOND0946,Moodys,AAA,2019-01-01,Stable
1021,BOND0947,S&P,BBB-,2019-05-01,Stable
1022,BOND0948,S&P,A,2022-05-01,Stable
1023,BOND0949,S&P,AA-,2010-10-01,Stable
1024,BOND0949,S&P,AA,2024-11-01,Positive
1025,BOND0950,Moodys,AAA,2013-03-01,Stable
1026,BOND0951,S&P,AAA,2010-08-01,Stable
1027,BOND0952,S&P,AA+,2021-08-01,Stable
1028,BOND0952,S&P,AA,2021-11-01,Negative
1029,BOND0953,Fitch,A-,2022-06-01,Stable
1030,BOND0954,Moodys,AAA,2012-04-01,Stable
1031,BOND0955,S&P,AA+,2013-10-01,Stable
1032,BOND0956,S&P,AA+,2021-05-01,Stable
1033,BOND0957,Moodys,AAA,2012-06-01,Stable
1034,BOND0958,Moodys,AA-,2016-09-01,Stable
1035,BOND0959,S&P,AA-,2018-02-01,Stable
1036,BOND0960,S&P,BBB,2018-02-01,Stable
1037,BOND0960,S&P,BBB+,2022-02-01,Positive
1038,BOND0961,Fitch,BBB,2022-04-01,Stable
1039,BOND0962,S&P,BBB+,2010-01-01,Stable
1040,BOND0963,Fitch,A+,2019-08-01,Stable
1041,BOND0964,S&P,A-,2018-01-01,Stable
1042,BOND0965,Moodys,A-,2015-10-01,Stable
1043,BOND0966,Moodys,BBB-,2018-08-01,Stable
1044,BOND0967,Fitch,BBB-,2022-02-01,Stable
1045,BOND0968,S&P,BBB-,2017-07-01,Stable
1046,BOND0969,Fitch,AA-,2011-07-01,Stable
1047,BOND0970,Fitch,BBB+,2015-03-01,Stable
1048,BOND0971,S&P,AAA,2014-08-01,Stable
1049,BOND0972,Fitch,AA+,2020-01-01,Stable
1050,BOND0973,Fitch,AA-,2013-06-01,Stable
1051,BOND0974,S&P,AAA,2013-03-01,Stable
1052,BOND0975,S&P,A,2015-06-01,Stable
1053,BOND0975,S&P,A+,2021-05-01,Positive
1054,BOND0976,Fitch,AAA,2020-03-01,Stable
1055,BOND0977,Fitch,AA+,2015-01-01,Stable
1056,BOND0978,Fitch,AA-,2013-03-01,Stable
1057,BOND0979,Fitch,A+,2015-10-01,Stable
1058,BOND0980,Moodys,AAA,2015-03-01,Stable
1059,BOND0981,Fitch,BBB+,2020-01-01,Stable
1060,BOND0982,S&P,AA+,2021-12-01,Stable
1061,BOND0983,Moodys,A+,2019-02-01,Stable
1062,BOND0984,Moodys,AA-,2020-06-01,Stable
1063,BOND0985,S&P,AA,2016-07-01,Stable
1064,BOND0986,Fitch,BBB,2018-05-01,Stable
1065,BOND0987,S&P,AAA,2010-03-01,Stable
1066,BOND0988,Moodys,BBB-,2010-03-01,Stable
1067,BOND0989,Moodys,AA-,2020-10-01,Stable
1068,BOND0990,Moodys,BBB+,2018-06-01,Stable
1069,BOND0991,Fitch,AAA,2019-05-01,Stable
1070,BOND0992,S&P,BBB-,2012-12-01,Stable
1071,BOND0993,S&P,AAA,2012-02-01,Stable
1072,BOND0994,Fitch,AAA,2016-04-01,Stable
1073,BOND0995,Moodys,AAA,2014-07-01,Stable
1074,BOND0996,S&P,BBB+,2020-12-01,Stable
1075,BOND0997,Moodys,AAA,2016-10-01,Stable
1076,BOND0998,Fitch,BBB-,2013-08-01,Stable
1077,BOND0999,Fitch,AA,2011-03-01,Stable
1078,BOND1000,Moodys,AA-,2018-02-01,Stable
1079,BOND1001,Fitch,AA,2013-03-01,Stable
1080,BOND1002,Fitch,A-,2017-04-01,Stable
1081,BOND1003,Moodys,AA+,2015-12-01,Stable
1082,BOND1003,Moodys,AA,2022-05-01,Negative
1083,BOND1004,Moodys,A,2018-09-01,Stable
1084,BOND1005,Moodys,BBB+,2010-04-01,Stable
1085,BOND1006,Moodys,BBB-,2022-04-01,Stable
1086,BOND1007,S&P,A+,2022-03-01,Stable
1087,BOND1008,S&P,AA,2014-07-01,Stable
1088,BOND1009,Moodys,A-,2015-07-01,Stable
1089,BOND1010,Fitch,AAA,2011-01-01,Stable
1090,BOND1011,Moodys,A,2017-01-01,Stable
1091,BOND1012,S&P,BBB-,2013-07-01,Stable
1092,BOND1012,S&P,BBB,2024-05-01,Positive
1093,BOND1013,S&P,A,2016-04-01,Stable
1094,BOND1014,Fitch,BBB-,2022-04-01,Stable
1095,BOND1015,S&P,BBB,2014-05-01,Stable
1096,BOND1015,S&P,BBB-,2024-06-01,Negative
1097,BOND1016,S&P,A,2014-11-01,Stable
1098,BOND1017,Moodys,BBB-,2016-06-01,Stable
1099,BOND1018,Moodys,AAA,2012-01-01,Stable
1100,BOND1019,S&P,BBB+,2021-11-01,Stable
1101,BOND1019,S&P,BBB,2022-09-01,Negative
1102,BOND1020,S&P,BBB,2022-03-01,Stable
1103,BOND1021,Moodys,AA,2012-09-01,Stable
1104,BOND1022,Fitch,A+,2020-08-01,Stable
1105,BOND1022,Fitch,A,2023-03-01,Negative
1106,BOND1023,Moodys,BBB-,2010-01-01,Stable
1107,BOND1024,Moodys,BBB+,2014-08-01,Stable
1108,BOND1025,Moodys,BBB,2012-04-01,Stable
1109,BOND1026,Moodys,AA-,2013-04-01,Stable
1110,BOND1027,S&P,BBB+,2017-09-01,Stable
1111,BOND1028,Moodys,BBB,2014-12-01,Stable
1112,BOND1029,Fitch,AAA,2012-04-01,Stable
1113,BOND1030,Moodys,AAA,2013-04-01,Stable
1114,BOND1031,Moodys,AA-,2020-07-01,Stable
1115,BOND1032,Moodys,AA-,2011-03-01,Stable
1116,BOND1033,S&P,AAA,2022-06-01,Stable
1117,BOND1034,Fitch,BBB,2021-06-01,Stable
1118,BOND1035,Moodys,AAA,2013-07-01,Stable
1119,BOND1036,S&P,BBB+,2017-04-01,Stable
1120,BOND1037,Moodys,BBB+,2019-09-01,Stable
1121,BOND1038,S&P,A+,2018-08-01,Stable
1122,BOND1039,Moodys,AA-,2016-08-01,Stable
1123,BOND1040,Moodys,AAA,2019-08-01,Stable
1124,BOND1041,Moodys,BBB-,2022-09-01,Stable
1125,BOND1042,S&P,AAA,2010-04-01,Stable
1126,BOND1043,S&P,A+,2017-10-01,Stable
1127,BOND1044,S&P,BBB-,2013-12-01,Stable
1128,BOND1044,S&P,BBB,2021-11-01,Positive
1129,BOND1045,Fitch,AAA,2010-03-01,Stable
1130,BOND1046,Moodys,BBB+,2020-01-01,Stable
1131,BOND1047,Fitch,A,2015-05-01,Stable
1132,BOND1048,S&P,A+,2011-03-01,Stable
1133,BOND1049,S&P,AA+,2019-01-01,Stable
1134,BOND1049,S&P,AA,2021-03-01,Negative
1135,BOND1050,Fitch,AAA,2010-12-01,Stable
1136,BOND1051,Fitch,BBB+,2012-03-01,Stable
1137,BOND1052,Fitch,AAA,2021-01-01,Stable
1138,BOND1053,Moodys,AA-,2018-06-01,Stable
1139,BOND1054,Fitch,AA,2018-05-01,Stable
1140,BOND1055,Fitch,AAA,2016-04-01,Stable
1141,BOND1056,Fitch,BBB-,2018-08-01,Stable
1142,BOND1057,S&P,BBB,2018-04-01,Stable
1143,BOND1058,Fitch,AA+,2022-08-01,Stable
1144,BOND1059,Fitch,BBB-,2014-09-01,Stable
1145,BOND1060,Fitch,AAA,2017-02-01,Stable
1146,BOND1061,S&P,A+,2012-09-01,Stable
1147,BOND1062,S&P,AAA,2013-06-01,Stable
1148,BOND1063,S&P,BBB-,2012-03-01,Stable
1149,BOND1064,Moodys,AAA,2017-10-01,Stable
1150,BOND1065,Moodys,AAA,2015-08-01,Stable
1151,BOND1066,Moodys,BBB+,2016-01-01,Stable
1152,BOND1067,S&P,AA-,2013-02-01,Stable
1153,BOND1068,Fitch,AAA,2020-09-01,Stable
1154,BOND1069,Fitch,AA+,2015-12-01,Stable
1155,BOND1070,S&P,BBB,2015-05-01,Stable
1156,BOND1071,S&P,AAA,2012-04-01,Stable
1157,BOND1072,Moodys,AAA,2015-02-01,Stable
1158,BOND1073,Moodys,AA-,2012-01-01,Stable
1159,BOND1074,Fitch,A-,2018-07-01,Stable
1160,BOND1075,S&P,AA-,2015-07-01,Stable
1161,BOND1076,Fitch,BBB-,2020-11-01,Stable
1162,BOND1077,Moodys,BBB+,2012-03-01,Stable
1163,BOND1078,S&P,BBB,2015-11-01,Stable
1164,BOND1079,S&P,AAA,2015-11-01,Stable
1165,BOND1080,Fitch,AAA,2011-09-01,Stable
1166,BOND1081,Moodys,A+,2012-01-01,Stable
1167,BOND1082,S&P,A+,2022-05-01,Stable
1168,BOND1083,Moodys,A-,2021-12-01,Stable
1169,BOND1084,Fitch,AA,2010-05-01,Stable
1170,BOND1085,Fitch,BBB-,2019-05-01,Stable
1171,BOND1086,S&P,AAA,2013-11-01,Stable
1172,BOND1087,Moodys,A+,2014-07-01,Stable
1173,BOND1088,S&P,AAA,2011-08-01,Stable
1174,BOND1089,Fitch,BBB,2019-10-01,Stable
1175,BOND1089,Fitch,BBB+,2021-07-01,Positive
1176,BOND1090,S&P,A,2015-04-01,Stable
1177,BOND1091,Fitch,AA+,2015-09-01,Stable
1178,BOND1092,Moodys,AAA,2017-04-01,Stable
1179,BOND1093,Moodys,AA+,2018-07-01,Stable
1180,BOND1094,S&P,AAA,2012-02-01,Stable
1181,BOND1095,Moodys,AAA,2018-03-01,Stable
1182,BOND1096,S&P,AAA,2010-04-01,Stable
1183,BOND1097,Fitch,BBB+,2019-06-01,Stable
1184,BOND1098,S&P,A,2018-02-01,Stable
1185,BOND1099,Fitch,A-,2018-10-01,Stable
1186,BOND1100,Fitch,BBB+,2019-08-01,Stable
1187,BOND1101,Fitch,AA,2022-04-01,Stable
1188,BOND1102,S&P,BBB-,2021-07-01,Stable
1189,BOND1103,Moodys,AAA,2019-01-01,Stable
1190,BOND1104,Fitch,BBB+,2021-04-01,Stable
1191,BOND1105,S&P,AA,2012-09-01,Stable
1192,BOND1105,S&P,AA+,2024-04-01,Positive
1193,BOND1106,S&P,A,2019-12-01,Stable
1194,BOND1107,Fitch,AA,2018-12-01,Stable
1195,BOND1108,Moodys,BBB,2017-04-01,Stable
1196,BOND1109,Fitch,A-,2010-03-01,Stable
1197,BOND1110,Fitch,AA,2014-03-01,Stable
1198,BOND1110,Fitch,AA+,2024-10-01,Positive
1199,BOND1111,Fitch,AA+,2011-12-01,Stable
1200,BOND1112,Moodys,A,2019-01-01,Stable
1201,BOND1112,Moodys,A+,2023-05-01,Positive
1202,BOND1113,Fitch,BBB+,2010-12-01,Stable
1203,BOND1114,Moodys,A,2018-08-01,Stable
1204,BOND1115,S&P,AA-,2011-09-01,Stable
1205,BOND1116,Moodys,A,2012-01-01,Stable
1206,BOND1117,Fitch,A+,2021-02-01,Stable
1207,BOND1118,Moodys,A+,2011-05-01,Stable
1208,BOND1119,Moodys,A,2017-01-01,Stable
1209,BOND1119,Moodys,A-,2021-02-01,Negative
1210,BOND1120,Moodys,BBB,2010-10-01,Stable
1211,BOND1121,Moodys,AA,2014-08-01,Stable
1212,BOND1122,Fitch,AAA,2022-10-01,Stable
1213,BOND1123,Fitch,A,2016-02-01,Stable
1214,BOND1124,Moodys,AA+,2010-06-01,Stable
1215,BOND1125,Fitch,A+,2013-05-01,Stable
1216,BOND1126,S&P,AA-,2015-06-01,Stable
1217,BOND1127,S&P,AAA,2020-11-01,Stable
1218,BOND1128,Moodys,AA,2021-11-01,Stable
1219,BOND1129,Fitch,BBB+,2010-09-01,Stable
1220,BOND1130,S&P,AAA,2010-11-01,Stable
1221,BOND1131,S&P,BBB-,2015-08-01,Stable
1222,BOND1132,Fitch,AA,2017-07-01,Stable
1223,BOND1133,Fitch,AA,2019-07-01,Stable
1224,BOND1134,S&P,A,2019-01-01,Stable
1225,BOND1135,S&P,AAA,2010-07-01,Stable
1226,BOND1136,Fitch,AA,2021-08-01,Stable
1227,BOND1137,Moodys,AA,2012-10-01,Stable
1228,BOND1138,S&P,BBB-,2012-02-01,Stable
1229,BOND1139,S&P,BBB-,2019-06-01,Stable
1230,BOND1140,Fitch,AA,2021-09-01,Stable
1231,BOND1141,S&P,AA,2016-11-01,Stable
1232,BOND1142,Moodys,AAA,2020-06-01,Stable
1233,BOND1143,Fitch,AA+,2012-09-01,Stable
1234,BOND1144,Fitch,BBB+,2014-07-01,Stable
1235,BOND1145,Moodys,AAA,2015-04-01,Stable
1236,BOND1146,Moodys,AA,2016-11-01,Stable
1237,BOND1147,Fitch,AAA,2010-11-01,Stable
1238,BOND1148,Fitch,A-,2010-03-01,Stable
1239,BOND1149,Fitch,BBB-,2012-03-01,Stable
1240,BOND1150,Moodys,A-,2021-11-01,Stable
1241,BOND1151,Moodys,A,2011-08-01,Stable
1242,BOND1152,Moodys,BBB-,2012-05-01,Stable
1243,BOND1153,Moodys,AAA,2011-07-01,Stable
1244,BOND1154,S&P,AAA,2017-10-01,Stable
1245,BOND1155,Fitch,AAA,2019-01-01,Stable
1246,BOND1156,Fitch,A+,2015-12-01,Stable
1247,BOND1157,Moodys,AA,2022-09-01,Stable
1248,BOND1158,S&P,A,2022-02-01,Stable
1249,BOND1159,S&P,AA+,2017-08-01,Stable
1250,BOND1159,S&P,AA,2020-11-01,Negative
1251,BOND1160,Fitch,A+,2015-03-01,Stable
1252,BOND1161,Fitch,BBB-,2012-08-01,Stable
1253,BOND1162,S&P,AA-,2017-10-01,Stable
1254,BOND1163,Fitch,AA-,2012-07-01,Stable
1255,BOND1164,S&P,BBB+,2011-01-01,Stable
1256,BOND1165,Fitch,BBB,2014-09-01,Stable
1257,BOND1166,S&P,AA,2022-10-01,Stable
1258,BOND1167,S&P,BBB,2020-01-01,Stable
1259,BOND1168,Fitch,AAA,2012-01-01,Stable
1260,BOND1169,Fitch,BBB,2021-12-01,Stable
1261,BOND1170,Moodys,A+,2012-03-01,Stable
1262,BOND1171,S&P,AA-,2019-03-01,Stable
1263,BOND1172,S&P,A,2010-08-01,Stable
1264,BOND1173,Fitch,A+,2013-11-01,Stable
1265,BOND1174,Fitch,BBB+,2016-01-01,Stable
1266,BOND1175,S&P,AA-,2018-06-01,Stable
1267,BOND1176,Fitch,A-,2014-12-01,Stable
1268,BOND1177,S&P,BBB+,2015-05-01,Stable
1269,BOND1177,S&P,BBB,2020-05-01,Negative
1270,BOND1178,S&P,BBB,2020-12-01,Stable
1271,BOND1179,S&P,A+,2022-02-01,Stable
1272,BOND1180,S&P,AA+,2013-11-01,Stable
1273,BOND1181,Moodys,AAA,2018-07-01,Stable
1274,BOND1182,Fitch,AA+,2012-04-01,Stable
1275,BOND1183,Moodys,BBB+,2012-12-01,Stable
1276,BOND1184,Fitch,A-,2022-08-01,Stable
1277,BOND1185,S&P,AAA,2010-09-01,Stable
1278,BOND1186,S&P,AA+,2022-02-01,Stable
1279,BOND1187,S&P,AAA,2015-06-01,Stable
1280,BOND1188,Fitch,AAA,2022-01-01,Stable
1281,BOND1189,Fitch,A-,2022-07-01,Stable
1282,BOND1190,Fitch,AAA,2021-12-01,Stable
1283,BOND1191,Moodys,A+,2015-12-01,Stable
1284,BOND1192,S&P,A+,2020-03-01,Stable
1285,BOND1193,Moodys,AA,2011-10-01,Stable
1286,BOND1194,Moodys,AA-,2014-12-01,Stable
1287,BOND1195,Moodys,A-,2011-05-01,Stable
1288,BOND1196,S&P,AA,2016-05-01,Stable
1289,BOND1197,Fitch,A-,2015-09-01,Stable
1290,BOND1198,Fitch,AAA,2021-01-01,Stable
1291,BOND1199,Fitch,AAA,2019-06-01,Stable
1292,BOND1200,Moodys,AA,2015-07-01,Stable
1293,BOND1200,Moodys,AA-,2020-09-01,Negative
1294,BOND1201,Fitch,AA-,2021-08-01,Stable
1295,BOND1202,S&P,AAA,2014-03-01,Stable
1296,BOND1203,S&P,AAA,2020-01-01,Stable
1297,BOND1204,Fitch,BBB,2010-04-01,Stable
1298,BOND1205,Moodys,AA,2011-09-01,Stable
1299,BOND1206,Fitch,AAA,2015-07-01,Stable
1300,BOND1207,Fitch,AA-,2016-11-01,Stable
1301,BOND1208,Moodys,A-,2021-03-01,Stable
1302,BOND1209,Moodys,AA,2017-01-01,Stable
1303,BOND1210,Moodys,AAA,2020-11-01,Stable
1304,BOND1211,Moodys,BBB+,2021-02-01,Stable
1305,BOND1212,Fitch,A,2017-05-01,Stable
1306,BOND1213,Moodys,AA+,2015-11-01,Stable
1307,BOND1214,Fitch,A+,2014-06-01,Stable
1308,BOND1215,Fitch,A-,2016-11-01,Stable
1309,BOND1216,S&P,BBB,2017-03-01,Stable
1310,BOND1216,S&P,BBB+,2023-05-01,Positive
1311,BOND1217,Moodys,A-,2021-06-01,Stable
1312,BOND1218,Fitch,A,2012-10-01,Stable
1313,BOND1219,S&P,BBB+,2010-08-01,Stable
1314,BOND1220,S&P,A-,2010-07-01,Stable
1315,BOND1221,Moodys,A,2018-10-01,Stable
1316,BOND1221,Moodys,A+,2024-07-01,Positive
1317,BOND1222,Fitch,A+,2012-08-01,Stable
1318,BOND1223,Moodys,BBB-,2010-02-01,Stable
1319,BOND1224,S&P,AAA,2013-06-01,Stable
1320,BOND1225,Moodys,AA+,2011-07-01,Stable
1321,BOND1226,S&P,AAA,2017-06-01,Stable
1322,BOND1227,Fitch,BBB-,2019-09-01,Stable
1323,BOND1228,Moodys,BBB-,2012-10-01,Stable
1324,BOND1229,Fitch,BBB-,2015-01-01,Stable
1325,BOND1230,Fitch,AAA,2014-08-01,Stable
1326,BOND1231,Fitch,BBB+,2017-11-01,Stable
1327,BOND1232,Fitch,A+,2020-09-01,Stable
1328,BOND1233,Moodys,BBB,2013-03-01,Stable
1329,BOND1234,Moodys,BBB+,2022-12-01,Stable
1330,BOND1235,Moodys,BBB+,2014-11-01,Stable
1331,BOND1236,Fitch,AAA,2014-01-01,Stable
1332,BOND1237,Moodys,BBB,2014-08-01,Stable
1333,BOND1238,Fitch,AA-,2018-06-01,Stable
1334,BOND1238,Fitch,AA,2024-09-01,Positive
1335,BOND1239,Moodys,AA-,2012-12-01,Stable
1336,BOND1240,Fitch,AA-,2022-03-01,Stable
1337,BOND1241,Fitch,A,2021-11-01,Stable
1338,BOND1242,Moodys,AAA,2015-02-01,Stable
1339,BOND1243,Fitch,AAA,2020-09-01,Stable
1340,BOND1244,Moodys,AAA,2019-08-01,Stable
1341,BOND1245,Moodys,AA,2013-07-01,Stable
1342,BOND1246,Fitch,AA+,2014-03-01,Stable
1343,BOND1247,S&P,AA,2013-03-01,Stable
1344,BOND1248,Moodys,AAA,2014-06-01,Stable
1345,BOND1249,Moodys,BBB+,2019-07-01,Stable
1346,BOND1250,Fitch,BBB-,2017-12-01,Stable
1347,BOND1250,Fitch,BBB,2021-09-01,Positive
1348,BOND1251,S&P,BBB+,2020-05-01,Stable
1349,BOND1252,Moodys,AA-,2013-08-01,Stable
1350,BOND1253,Fitch,AAA,2021-11-01,Stable
1351,BOND1254,Moodys,BBB-,2017-07-01,Stable
1352,BOND1255,Moodys,BBB,2012-03-01,Stable
1353,BOND1256,Moodys,AA,2022-03-01,Stable
1354,BOND1257,Moodys,A,2022-05-01,Stable
1355,BOND1258,Moodys,AA-,2015-04-01,Stable
1356,BOND1259,Fitch,BBB,2013-05-01,Stable
1357,BOND1260,Fitch,AAA,2018-09-01,Stable
1358,BOND1261,Fitch,BBB+,2015-06-01,Stable
1359,BOND1262,Moodys,A+,2022-02-01,Stable
1360,BOND1263,Moodys,AA,2013-11-01,Stable
1361,BOND1263,Moodys,AA+,2020-08-01,Positive
1362,BOND1264,S&P,AAA,2010-03-01,Stable
1363,BOND1265,Fitch,A+,2017-04-01,Stable
1364,BOND1266,S&P,BBB,2014-12-01,Stable
1365,BOND1267,Fitch,AA+,2021-02-01,Stable
1366,BOND1268,S&P,BBB+,2017-06-01,Stable
1367,BOND1269,S&P,BBB+,2014-06-01,Stable
1368,BOND1270,S&P,AA+,2022-10-01,Stable
1369,BOND1271,S&P,BBB-,2018-07-01,Stable
1370,BOND1272,S&P,BBB,2022-07-01,Stable
1371,BOND1273,S&P,BBB-,2019-01-01,Stable
1372,BOND1274,S&P,A+,2020-08-01,Stable
1373,BOND1275,S&P,AAA,2017-09-01,Stable
1374,BOND1276,S&P,A+,2014-10-01,Stable
1375,BOND1277,Moodys,A+,2011-04-01,Stable
1376,BOND1278,S&P,A-,2010-04-01,Stable
1377,BOND1279,S&P,A,2016-11-01,Stable
1378,BOND1280,Fitch,BBB-,2020-08-01,Stable
1379,BOND1281,Fitch,AAA,2022-11-01,Stable
1380,BOND1282,Fitch,BBB+,2018-05-01,Stable
1381,BOND1283,Fitch,AAA,2013-07-01,Stable
1382,BOND1284,S&P,BBB+,2013-04-01,Stable
1383,BOND1285,Fitch,AAA,2019-12-01,Stable
1384,BOND1286,Moodys,BBB-,2011-08-01,Stable
1385,BOND1286,Moodys,BBB,2020-02-01,Positive
1386,BOND1287,Fitch,AAA,2019-03-01,Stable
1387,BOND1288,Moodys,A+,2017-01-01,Stable
1388,BOND1289,S&P,AAA,2013-10-01,Stable
1389,BOND1290,S&P,AA-,2010-01-01,Stable
1390,BOND1291,S&P,BBB+,2022-03-01,Stable
1391,BOND1292,Moodys,BBB,2015-10-01,Stable
1392,BOND1293,Fitch,AA+,2015-01-01,Stable
1393,BOND1294,Fitch,AA+,2012-01-01,Stable
1394,BOND1295,Moodys,AA-,2018-11-01,Stable
1395,BOND1296,Moodys,BBB+,2021-10-01,Stable
1396,BOND1297,S&P,AAA,2015-10-01,Stable
1397,BOND1298,S&P,BBB+,2022-09-01,Stable
1398,BOND1299,Fitch,AAA,2022-08-01,Stable
1399,BOND1300,Moodys,AA,2020-01-01,Stable
1400,BOND1300,Moodys,AA+,2024-10-01,Positive
1401,BOND1301,S&P,AA,2017-01-01,Stable
1402,BOND1301,S&P,AA+,2021-07-01,Positive
1403,BOND1302,Moodys,A,2016-05-01,Stable
1404,BOND1302,Moodys,A+,2022-04-01,Positive
1405,BOND1303,S&P,A-,2019-01-01,Stable
1406,BOND1304,Moodys,AA+,2010-10-01,Stable
1407,BOND1305,Fitch,BBB-,2019-11-01,Stable
1408,BOND1306,Fitch,AA,2010-10-01,Stable
1409,BOND1306,Fitch,AA-,2024-06-01,Negative
1410,BOND1307,Moodys,BBB-,2010-09-01,Stable
1411,BOND1308,Moodys,AA+,2019-12-01,Stable
1412,BOND1309,Fitch,AAA,2019-09-01,Stable
1413,BOND1310,Fitch,A+,2019-02-01,Stable
1414,BOND1311,S&P,BBB+,2015-08-01,Stable
1415,BOND1312,Moodys,A+,2011-08-01,Stable
1416,BOND1313,Fitch,BBB-,2022-03-01,Stable
1417,BOND1314,S&P,AA-,2018-11-01,Stable
1418,BOND1315,Fitch,AAA,2013-08-01,Stable
1419,BOND1316,S&P,A-,2014-09-01,Stable
1420,BOND1317,S&P,A,2013-02-01,Stable
1421,BOND1318,Moodys,AA+,2012-06-01,Stable
1422,BOND1319,S&P,A,2011-11-01,Stable
1423,BOND1320,S&P,AA+,2013-12-01,Stable
1424,BOND1321,Fitch,BBB,2013-09-01,Stable
1425,BOND1322,Fitch,AAA,2011-05-01,Stable
1426,BOND1323,Moodys,A-,2017-01-01,Stable
1427,BOND1324,S&P,A-,2020-05-01,Stable
1428,BOND1325,S&P,A+,2013-02-01,Stable
1429,BOND1326,Moodys,A-,2011-05-01,Stable
1430,BOND1327,S&P,AAA,2013-05-01,Stable
1431,BOND1328,Moodys,BBB-,2021-03-01,Stable
1432,BOND1329,Moodys,AAA,2018-01-01,Stable
1433,BOND1330,Fitch,AAA,2016-03-01,Stable
1434,BOND1331,Fitch,A-,2012-11-01,Stable
1435,BOND1332,S&P,A+,2016-01-01,Stable
1436,BOND1333,Fitch,A-,2019-12-01,Stable
1437,BOND1334,Fitch,BBB,2015-06-01,Stable
1438,BOND1335,S&P,AA+,2018-02-01,Stable
1439,BOND1336,Fitch,AAA,2021-09-01,Stable
1440,BOND1337,Fitch,BBB-,2012-06-01,Stable
1441,BOND1338,Fitch,BBB+,2010-11-01,Stable
1442,BOND1339,Fitch,A,2021-01-01,Stable
1443,BOND1340,Fitch,AA-,2018-08-01,Stable
1444,BOND1341,Moodys,BBB,2011-07-01,Stable
1445,BOND1342,Fitch,A+,2016-12-01,Stable
1446,BOND1343,Moodys,AA-,2012-06-01,Stable
1447,BOND1344,S&P,BBB-,2020-11-01,Stable
1448,BOND1345,Moodys,AA-,2013-01-01,Stable
1449,BOND1346,S&P,A,2011-02-01,Stable
1450,BOND1347,Fitch,AA,2018-08-01,Stable
1451,BOND1348,S&P,A+,2018-10-01,Stable
1452,BOND1349,S&P,BBB+,2012-02-01,Stable
1453,BOND1350,Moodys,BBB,2011-01-01,Stable
1454,BOND1351,Moodys,AAA,2022-01-01,Stable
1455,BOND1352,Moodys,BBB,2022-07-01,Stable
1456,BOND1353,Moodys,A+,2012-04-01,Stable
1457,BOND1354,S&P,AAA,2015-09-01,Stable
1458,BOND1355,Moodys,BBB+,2021-11-01,Stable
1459,BOND1356,Fitch,A+,2010-07-01,Stable
1460,BOND1357,Moodys,BBB+,2019-06-01,Stable
1461,BOND1358,S&P,BBB,2020-01-01,Stable
1462,BOND1359,Moodys,AAA,2020-02-01,Stable
1463,BOND1360,Moodys,AAA,2017-10-01,Stable
1464,BOND1361,S&P,A,2021-05-01,Stable
1465,BOND1362,Moodys,AA,2014-05-01,Stable
1466,BOND1363,Fitch,A,2010-09-01,Stable
1467,BOND1363,Fitch,A-,2020-06-01,Negative
1468,BOND1364,S&P,AA+,2016-12-01,Stable
1469,BOND1365,Fitch,BBB,2022-07-01,Stable
1470,BOND1366,Moodys,AAA,2022-02-01,Stable
1471,BOND1367,Fitch,BBB,2022-11-01,Stable
1472,BOND1368,Fitch,BBB-,2012-06-01,Stable
1473,BOND1369,S&P,AA+,2018-03-01,Stable
1474,BOND1370,S&P,A+,2016-05-01,Stable
1475,BOND1371,S&P,A+,2018-08-01,Stable
1476,BOND1372,Moodys,AAA,2015-08-01,Stable
1477,BOND1373,Moodys,BBB-,2014-04-01,Stable
1478,BOND1374,S&P,AA,2011-09-01,Stable
1479,BOND1374,S&P,AA+,2024-05-01,Positive
1480,BOND1375,S&P,BBB+,2019-11-01,Stable
1481,BOND1376,S&P,A+,2016-11-01,Stable
1482,BOND1377,S&P,BBB-,2019-09-01,Stable
1483,BOND1378,S&P,A,2016-12-01,Stable
1484,BOND1378,S&P,A+,2023-06-01,Positive
1485,BOND1379,Fitch,A+,2020-09-01,Stable
1486,BOND1380,S&P,BBB+,2016-12-01,Stable
1487,BOND1381,Moodys,A-,2010-12-01,Stable
1488,BOND1382,Moodys,BBB-,2010-04-01,Stable
1489,BOND1383,S&P,BBB+,2012-08-01,Stable
1490,BOND1384,S&P,AA-,2016-12-01,Stable
1491,BOND1385,S&P,BBB+,2016-04-01,Stable
1492,BOND1386,S&P,A-,2013-03-01,Stable
1493,BOND1387,Fitch,BBB,2016-10-01,Stable
1494,BOND1388,S&P,BBB-,2013-12-01,Stable
1495,BOND1389,S&P,A+,2011-10-01,Stable
1496,BOND1390,S&P,A-,2018-06-01,Stable
1497,BOND1390,S&P,A,2020-06-01,Positive
1498,BOND1391,Fitch,AA-,2019-07-01,Stable
1499,BOND1392,S&P,A,2015-02-01,Stable
1500,BOND1393,S&P,AAA,2021-05-01,Stable
1501,BOND1394,S&P,AAA,2020-07-01,Stable
1502,BOND1395,Fitch,A-,2022-12-01,Stable
1503,BOND1396,Moodys,AA,2019-04-01,Stable
1504,BOND1397,Moodys,BBB,2015-05-01,Stable
1505,BOND1398,Moodys,A,2013-02-01,Stable
1506,BOND1399,Moodys,AA-,2021-06-01,Stable
1507,BOND1400,Moodys,AA-,2015-10-01,Stable
1508,BOND1401,S&P,A+,2017-11-01,Stable
1509,BOND1402,Moodys,AA,2013-03-01,Stable
1510,BOND1403,Fitch,AA-,2021-08-01,Stable
1511,BOND1404,S&P,BBB+,2011-09-01,Stable
1512,BOND1405,S&P,AA-,2014-04-01,Stable
1513,BOND1406,Moodys,A-,2022-09-01,Stable
1514,BOND1407,Fitch,A-,2014-10-01,Stable
1515,BOND1408,Moodys,AAA,2011-06-01,Stable
1516,BOND1409,Fitch,AA-,2020-05-01,Stable
1517,BOND1410,Moodys,AA,2022-05-01,Stable
1518,BOND1411,Fitch,AA,2018-05-01,Stable
1519,BOND1411,Fitch,AA-,2020-11-01,Negative
1520,BOND1412,Fitch,AAA,2016-01-01,Stable
1521,BOND1413,S&P,A-,2012-03-01,Stable
1522,BOND1414,S&P,AA+,2013-10-01,Stable
1523,BOND1415,Moodys,A,2020-04-01,Stable
1524,BOND1415,Moodys,A+,2023-05-01,Positive
1525,BOND1416,Moodys,A+,2022-06-01,Stable
1526,BOND1417,Fitch,BBB+,2018-06-01,Stable
1527,BOND1418,S&P,A-,2022-11-01,Stable
1528,BOND1419,Moodys,A-,2021-05-01,Stable
1529,BOND1420,Fitch,A-,2013-10-01,Stable
1530,BOND1420,Fitch,A,2024-06-01,Positive
1531,BOND1421,Moodys,AA-,2012-09-01,Stable
1532,BOND1422,Fitch,BBB+,2022-10-01,Stable
1533,BOND1423,S&P,AA+,2019-11-01,Stable
1534,BOND1424,Fitch,AA-,2015-12-01,Stable
1535,BOND1425,S&P,AA-,2011-07-01,Stable
1536,BOND1425,S&P,AA,2022-09-01,Positive
1537,BOND1426,S&P,AA+,2010-06-01,Stable
1538,BOND1427,Moodys,BBB+,2015-04-01,Stable
1539,BOND1428,Fitch,AAA,2013-02-01,Stable
1540,BOND1429,S&P,BBB+,2020-08-01,Stable
1541,BOND1430,Fitch,AAA,2013-12-01,Stable
1542,BOND1431,S&P,AA,2014-12-01,Stable
1543,BOND1432,Moodys,AAA,2020-09-01,Stable
1544,BOND1433,Fitch,AAA,2012-09-01,Stable
1545,BOND1434,Moodys,AAA,2014-03-01,Stable
1546,BOND1435,Fitch,A,2013-12-01,Stable
1547,BOND1436,Fitch,AAA,2016-11-01,Stable
1548,BOND1437,S&P,BBB,2015-05-01,Stable
1549,BOND1437,S&P,BBB+,2022-12-01,Positive
1550,BOND1438,Fitch,AA,2018-02-01,Stable
1551,BOND1439,S&P,AA+,2016-10-01,Stable
1552,BOND1440,Moodys,AA,2014-01-01,Stable
1553,BOND1441,S&P,AAA,2013-12-01,Stable
1554,BOND1442,Moodys,AAA,2011-09-01,Stable
1555,BOND1443,Fitch,BBB+,2014-07-01,Stable
1556,BOND1444,Fitch,A,2021-04-01,Stable
1557,BOND1445,Moodys,BBB,2018-11-01,Stable
1558,BOND1446,Fitch,AA,2015-03-01,Stable
1559,BOND1446,Fitch,AA+,2023-01-01,Positive
1560,BOND1447,Fitch,A-,2015-06-01,Stable
1561,BOND1448,S&P,AAA,2022-11-01,Stable
1562,BOND1449,S&P,BBB,2022-12-01,Stable
1563,BOND1450,Fitch,A-,2013-09-01,Stable
1564,BOND1451,S&P,A+,2017-05-01,Stable
1565,BOND1452,Moodys,A-,2015-03-01,Stable
1566,BOND1453,Moodys,A-,2020-12-01,Stable
1567,BOND1454,Fitch,A,2022-01-01,Stable
1568,BOND1455,S&P,AA,2017-03-01,Stable
1569,BOND1455,S&P,AA+,2023-05-01,Positive
1570,BOND1456,Moodys,AA-,2011-04-01,Stable
1571,BOND1457,S&P,AA+,2016-05-01,Stable
1572,BOND1458,Moodys,A+,2014-08-01,Stable
1573,BOND1459,Fitch,A-,2020-10-01,Stable
1574,BOND1460,S&P,A-,2014-06-01,Stable
1575,BOND1461,Fitch,BBB-,2011-01-01,Stable
1576,BOND1462,Fitch,AAA,2011-03-01,Stable
1577,BOND1463,S&P,AAA,2022-05-01,Stable
1578,BOND1464,Moodys,A+,2016-11-01,Stable
1579,BOND1465,Moodys,AA,2021-05-01,Stable
1580,BOND1466,Moodys,AA,2014-09-01,Stable
1581,BOND1467,Moodys,BBB+,2021-05-01,Stable
1582,BOND1468,Fitch,A,2020-11-01,Stable
1583,BOND1469,S&P,BBB-,2021-08-01,Stable
1584,BOND1470,S&P,AA-,2015-02-01,Stable
1585,BOND1471,S&P,AA-,2021-07-01,Stable
1586,BOND1472,S&P,AAA,2011-03-01,Stable
1587,BOND1473,Moodys,AAA,2020-10-01,Stable
1588,BOND1474,Fitch,AA-,2021-09-01,Stable
1589,BOND1474,Fitch,AA,2023-07-01,Positive
1590,BOND1475,Fitch,AA,2021-03-01,Stable
1591,BOND1476,Moodys,AAA,2014-08-01,Stable
1592,BOND1477,S&P,AAA,2019-10-01,Stable
1593,BOND1478,Moodys,AA-,2015-04-01,Stable
1594,BOND1479,Fitch,BBB+,2012-03-01,Stable
1595,BOND1480,Fitch,AAA,2017-10-01,Stable
1596,BOND1481,Fitch,BBB-,2012-11-01,Stable
1597,BOND1482,Moodys,AAA,2013-02-01,Stable
1598,BOND1483,S&P,A,2017-07-01,Stable
1599,BOND1484,S&P,AA-,2022-06-01,Stable
1600,BOND1485,Fitch,A-,2013-04-01,Stable
1601,BOND1486,Moodys,A+,2011-05-01,Stable
1602,BOND1487,Moodys,A,2014-08-01,Stable
1603,BOND1488,Fitch,AA+,2012-05-01,Stable
1604,BOND1489,Moodys,AAA,2016-12-01,Stable
1605,BOND1490,Fitch,BBB+,2021-09-01,Stable
1606,BOND1491,Moodys,BBB+,2011-08-01,Stable
1607,BOND1492,S&P,AAA,2013-05-01,Stable
1608,BOND1493,S&P,A+,2015-10-01,Stable
1609,BOND1494,Fitch,BBB,2015-06-01,Stable
1610,BOND1495,Fitch,A+,2018-07-01,Stable
1611,BOND1496,S&P,BBB+,2014-08-01,Stable
1612,BOND1497,Fitch,BBB-,2019-01-01,Stable
1613,BOND1498,Moodys,AA-,2019-12-01,Stable
1614,BOND1499,S&P,A-,2015-06-01,Stable
1615,BOND1500,Moodys,BBB+,2022-03-01,Stable
1616,BOND1501,S&P,AA+,2020-09-01,Stable
1617,BOND1502,S&P,AA,2015-10-01,Stable
1618,BOND1503,Moodys,AA+,2017-04-01,Stable
1619,BOND1504,Fitch,AAA,2012-07-01,Stable
1620,BOND1505,Fitch,BBB-,2011-01-01,Stable
1621,BOND1506,Moodys,A+,2011-03-01,Stable
1622,BOND1507,S&P,BBB,2019-07-01,Stable
1623,BOND1508,Fitch,AAA,2018-12-01,Stable
1624,BOND1509,S&P,AAA,2010-08-01,Stable
1625,BOND1510,S&P,AA,2020-07-01,Stable
1626,BOND1511,Fitch,AAA,2010-03-01,Stable
1627,BOND1512,S&P,AAA,2018-09-01,Stable
1628,BOND1513,Moodys,BBB,2018-12-01,Stable
1629,BOND1514,Fitch,A+,2013-09-01,Stable
1630,BOND1515,Moodys,AAA,2021-01-01,Stable
1631,BOND1516,S&P,AAA,2018-04-01,Stable
1632,BOND1517,Moodys,BBB,2018-06-01,Stable
1633,BOND1518,S&P,AA-,2015-07-01,Stable
1634,BOND1518,S&P,AA,2020-05-01,Positive
1635,BOND1519,S&P,A,2021-09-01,Stable
1636,BOND1520,S&P,AAA,2010-08-01,Stable
1637,BOND1521,Moodys,AAA,2011-01-01,Stable
1638,BOND1522,S&P,AAA,2016-11-01,Stable
1639,BOND1523,S&P,A,2021-04-01,Stable
1640,BOND1524,Fitch,AA,2016-09-01,Stable
1641,BOND1525,Fitch,BBB+,2010-11-01,Stable
1642,BOND1526,Fitch,A+,2015-06-01,Stable
1643,BOND1527,S&P,AAA,2011-05-01,Stable
1644,BOND1528,Fitch,AA-,2019-06-01,Stable
1645,BOND1529,Fitch,AA,2013-10-01,Stable
1646,BOND1530,Moodys,BBB-,2010-04-01,Stable
1647,BOND1531,Moodys,A-,2012-08-01,Stable
1648,BOND1532,S&P,A-,2011-06-01,Stable
1649,BOND1533,Fitch,AA-,2014-07-01,Stable
1650,BOND1534,Moodys,AA-,2016-10-01,Stable
1651,BOND1535,Moodys,BBB,2018-02-01,Stable
1652,BOND1536,S&P,AA+,2016-02-01,Stable
1653,BOND1537,Moodys,A,2013-10-01,Stable
1654,BOND1538,Fitch,A-,2022-07-01,Stable
1655,BOND1539,Fitch,A-,2020-02-01,Stable
1656,BOND1540,Moodys,AAA,2015-07-01,Stable
1657,BOND1541,Fitch,AAA,2021-04-01,Stable
1658,BOND1542,S&P,A,2011-06-01,Stable
1659,BOND1543,Moodys,BBB-,2017-11-01,Stable
1660,BOND1544,Moodys,AAA,2022-09-01,Stable
1661,BOND1545,Moodys,A+,2016-02-01,Stable
1662,BOND1546,Moodys,AAA,2011-06-01,Stable
1663,BOND1547,Fitch,AAA,2017-02-01,Stable
1664,BOND1548,Moodys,BBB-,2012-09-01,Stable
1665,BOND1549,Moodys,AAA,2011-07-01,Stable
1666,BOND1550,Fitch,AAA,2010-07-01,Stable
1667,BOND1551,Fitch,BBB+,2019-03-01,Stable
1668,BOND1552,S&P,AA-,2019-12-01,Stable
1669,BOND1553,Moodys,AA-,2017-09-01,Stable
1670,BOND1554,Moodys,AAA,2018-03-01,Stable
1671,BOND1555,S&P,AAA,2012-07-01,Stable
1672,BOND1556,S&P,AAA,2016-03-01,Stable
1673,BOND1557,Fitch,AAA,2011-08-01,Stable
1674,BOND1558,S&P,AAA,2013-09-01,Stable
1675,BOND1559,S&P,A+,2022-10-01,Stable
1676,BOND1560,S&P,AAA,2022-02-01,Stable
1677,BOND1561,Moodys,AA+,2014-09-01,Stable
1678,BOND1562,Fitch,AA,2012-10-01,Stable
1679,BOND1562,Fitch,AA-,2021-04-01,Negative
1680,BOND1563,Fitch,AAA,2021-10-01,Stable
1681,BOND1564,Moodys,A+,2012-10-01,Stable
1682,BOND1565,S&P,A-,2020-02-01,Stable
1683,BOND1566,Moodys,A-,2010-10-01,Stable
1684,BOND1567,Fitch,BBB,2013-10-01,Stable
1685,BOND1567,Fitch,BBB+,2024-12-01,Positive
1686,BOND1568,Moodys,A+,2016-04-01,Stable
1687,BOND1569,Moodys,AA-,2019-07-01,Stable
1688,BOND1570,S&P,BBB-,2019-06-01,Stable
1689,BOND1571,Moodys,AAA,2016-07-01,Stable
1690,BOND1572,Moodys,AAA,2013-07-01,Stable
1691,BOND1573,S&P,BBB,2019-10-01,Stable
1692,BOND1574,Moodys,AA+,2018-11-01,Stable
1693,BOND1575,Fitch,AA,2018-11-01,Stable
1694,BOND1576,Moodys,A+,2017-11-01,Stable
1695,BOND1577,Moodys,BBB,2013-06-01,Stable
1696,BOND1578,S&P,A,2022-05-01,Stable
1697,BOND1579,Moodys,BBB+,2022-10-01,Stable
1698,BOND1580,S&P,BBB-,2012-05-01,Stable
1699,BOND1581,S&P,BBB+,2014-12-01,Stable
1700,BOND1582,Moodys,BBB-,2011-02-01,Stable
1701,BOND1583,Fitch,AAA,2015-03-01,Stable
1702,BOND1584,S&P,AAA,2017-07-01,Stable
1703,BOND1585,Fitch,AA,2021-02-01,Stable
1704,BOND1586,Fitch,BBB,2021-07-01,Stable
1705,BOND1587,S&P,AA+,2015-04-01,Stable
1706,BOND1588,Fitch,BBB,2015-02-01,Stable
1707,BOND1588,Fitch,BBB+,2024-07-01,Positive
1708,BOND1589,S&P,AAA,2011-06-01,Stable
1709,BOND1590,Fitch,AAA,2015-07-01,Stable
1710,BOND1591,S&P,BBB+,2011-02-01,Stable
1711,BOND1592,Fitch,A+,2021-12-01,Stable
1712,BOND1593,S&P,AA+,2014-11-01,Stable
1713,BOND1594,Moodys,AA,2020-03-01,Stable
1714,BOND1595,Moodys,AAA,2016-12-01,Stable
1715,BOND1596,Moodys,A-,2021-04-01,Stable
1716,BOND1597,Fitch,BBB,2011-01-01,Stable
1717,BOND1598,Fitch,A-,2010-05-01,Stable
1718,BOND1599,S&P,AA,2022-10-01,Stable
1719,BOND1600,Moodys,AA-,2011-10-01,Stable
1720,BOND1601,S&P,BBB,2010-06-01,Stable
1721,BOND1602,S&P,AA,2016-02-01,Stable
1722,BOND1603,Fitch,BBB+,2010-06-01,Stable
1723,BOND1604,Fitch,AA+,2016-10-01,Stable
1724,BOND1605,Moodys,AAA,2019-02-01,Stable
1725,BOND1606,Fitch,BBB,2020-07-01,Stable
1726,BOND1607,Fitch,A+,2013-08-01,Stable
1727,BOND1608,Moodys,AAA,2011-02-01,Stable
1728,BOND1609,Moodys,AAA,2022-10-01,Stable
1729,BOND1610,S&P,AAA,2018-04-01,Stable
1730,BOND1611,S&P,AA-,2012-01-01,Stable
1731,BOND1612,Fitch,A-,2015-07-01,Stable
1732,BOND1612,Fitch,A,2021-04-01,Positive
1733,BOND1613,S&P,BBB,2014-09-01,Stable
1734,BOND1614,Fitch,AA+,2017-07-01,Stable
1735,BOND1615,S&P,A+,2022-08-01,Stable
1736,BOND1616,S&P,A+,2015-07-01,Stable
1737,BOND1617,S&P,A-,2013-02-01,Stable
1738,BOND1618,S&P,AAA,2013-04-01,Stable
1739,BOND1619,Fitch,AA-,2021-02-01,Stable
1740,BOND1620,Fitch,A,2010-05-01,Stable
1741,BOND1621,Moodys,A+,2010-06-01,Stable
1742,BOND1622,S&P,AA-,2017-01-01,Stable
1743,BOND1623,S&P,A+,2010-02-01,Stable
1744,BOND1624,Moodys,AA+,2011-03-01,Stable
1745,BOND1625,Fitch,AA-,2017-03-01,Stable
1746,BOND1626,Fitch,BBB,2014-11-01,Stable
1747,BOND1626,Fitch,BBB-,2022-06-01,Negative
1748,BOND1627,Fitch,BBB+,2017-08-01,Stable
1749,BOND1628,Moodys,A,2021-08-01,Stable
1750,BOND1629,Fitch,AAA,2015-05-01,Stable
1751,BOND1630,Fitch,AAA,2020-01-01,Stable
1752,BOND1631,Moodys,AA-,2021-06-01,Stable
1753,BOND1632,Fitch,A-,2010-03-01,Stable
1754,BOND1633,Moodys,AAA,2014-02-01,Stable
1755,BOND1634,S&P,AAA,2017-10-01,Stable
1756,BOND1635,Fitch,A,2012-11-01,Stable
1757,BOND1636,Moodys,A+,2022-09-01,Stable
1758,BOND1637,Moodys,A+,2011-02-01,Stable
1759,BOND1638,Moodys,AA,2021-02-01,Stable
1760,BOND1639,Fitch,BBB,2020-12-01,Stable
1761,BOND1640,Fitch,A-,2016-09-01,Stable
1762,BOND1641,Fitch,BBB+,2022-02-01,Stable
1763,BOND1642,S&P,A-,2018-08-01,Stable
1764,BOND1643,S&P,BBB,2014-09-01,Stable
1765,BOND1644,Moodys,AAA,2010-01-01,Stable
1766,BOND1645,Moodys,A,2010-02-01,Stable
1767,BOND1646,Fitch,AAA,2015-01-01,Stable
1768,BOND1647,S&P,AAA,2013-12-01,Stable
1769,BOND1648,S&P,AAA,2017-10-01,Stable
1770,BOND1649,Fitch,A+,2017-10-01,Stable
1771,BOND1650,S&P,AA-,2020-02-01,Stable
1772,BOND1651,Moodys,AA,2010-01-01,Stable
1773,BOND1652,S&P,BBB,2017-04-01,Stable
1774,BOND1653,Fitch,AAA,2014-03-01,Stable
1775,BOND1654,Fitch,AAA,2021-02-01,Stable
1776,BOND1655,Fitch,AA,2014-10-01,Stable
1777,BOND1655,Fitch,AA-,2023-12-01,Negative
1778,BOND1656,Moodys,AAA,2016-01-01,Stable
1779,BOND1657,Fitch,AAA,2019-09-01,Stable
1780,BOND1658,S&P,A+,2011-12-01,Stable
1781,BOND1659,Moodys,AAA,2019-01-01,Stable
1782,BOND1660,Moodys,AA+,2015-07-01,Stable
1783,BOND1661,Moodys,AA+,2012-07-01,Stable
1784,BOND1661,Moodys,AA,2022-06-01,Negative
1785,BOND1662,Fitch,BBB+,2017-07-01,Stable
1786,BOND1663,Fitch,A,2017-05-01,Stable
1787,BOND1664,Moodys,AA,2015-07-01,Stable
1788,BOND1665,Fitch,BBB+,2019-01-01,Stable
1789,BOND1666,Fitch,A-,2010-07-01,Stable
1790,BOND1667,Fitch,BBB-,2010-03-01,Stable
1791,BOND1668,Fitch,AAA,2022-06-01,Stable
1792,BOND1669,Moodys,A-,2011-11-01,Stable
1793,BOND1670,S&P,AAA,2021-12-01,Stable
1794,BOND1671,Fitch,BBB,2021-02-01,Stable
1795,BOND1672,S&P,AA+,2013-02-01,Stable
1796,BOND1673,Fitch,BBB+,2018-01-01,Stable
1797,BOND1674,Fitch,AAA,2021-08-01,Stable
1798,BOND1675,Moodys,AA+,2021-11-01,Stable
1799,BOND1676,S&P,A,2011-04-01,Stable
1800,BOND1677,Moodys,AA,2011-04-01,Stable
1801,BOND1678,Moodys,AA-,2019-12-01,Stable
1802,BOND1679,S&P,A+,2021-12-01,Stable
1803,BOND1680,S&P,AA-,2015-03-01,Stable
1804,BOND1681,Fitch,AAA,2013-06-01,Stable
1805,BOND1682,Fitch,AA-,2010-07-01,Stable
1806,BOND1683,Fitch,AA-,2017-04-01,Stable
1807,BOND1684,Moodys,BBB+,2014-07-01,Stable
1808,BOND1685,Moodys,AAA,2012-07-01,Stable
1809,BOND1686,Moodys,A,2010-10-01,Stable
1810,BOND1687,Fitch,AAA,2016-09-01,Stable
1811,BOND1688,S&P,AA,2012-10-01,Stable
1812,BOND1689,Fitch,AA,2022-10-01,Stable
1813,BOND1690,S&P,AA+,2012-03-01,Stable
1814,BOND1691,S&P,A+,2022-04-01,Stable
1815,BOND1692,Moodys,BBB-,2016-03-01,Stable
1816,BOND1693,Moodys,BBB+,2018-09-01,Stable
1817,BOND1693,Moodys,BBB,2024-05-01,Negative
1818,BOND1694,S&P,AA,2017-06-01,Stable
1819,BOND1695,Fitch,BBB+,2013-10-01,Stable
1820,BOND1696,Fitch,AAA,2012-06-01,Stable
1821,BOND1697,Moodys,A,2011-12-01,Stable
1822,BOND1697,Moodys,A+,2021-01-01,Positive
1823,BOND1698,Moodys,BBB,2011-06-01,Stable
1824,BOND1699,S&P,BBB,2014-09-01,Stable
1825,BOND1700,Moodys,AAA,2020-12-01,Stable
1826,BOND1701,Fitch,BBB+,2016-01-01,Stable
1827,BOND1702,S&P,BBB+,2015-11-01,Stable
1828,BOND1702,S&P,BBB,2024-06-01,Negative
1829,BOND1703,S&P,AAA,2013-03-01,Stable
1830,BOND1704,S&P,AAA,2014-04-01,Stable
1831,BOND1705,Fitch,BBB-,2017-04-01,Stable
1832,BOND1706,Moodys,AA-,2013-05-01,Stable
1833,BOND1707,Fitch,AAA,2020-08-01,Stable
1834,BOND1708,S&P,AA,2011-05-01,Stable
1835,BOND1709,S&P,AA,2018-10-01,Stable
1836,BOND1710,Moodys,A,2021-05-01,Stable
1837,BOND1711,Fitch,AA+,2016-10-01,Stable
1838,BOND1712,S&P,A+,2019-04-01,Stable
1839,BOND1713,Moodys,A-,2018-12-01,Stable
1840,BOND1714,Fitch,A+,2016-04-01,Stable
1841,BOND1715,Moodys,BBB+,2019-09-01,Stable
1842,BOND1716,Fitch,AA-,2013-06-01,Stable
1843,BOND1717,Moodys,A+,2017-03-01,Stable
1844,BOND1718,S&P,A+,2021-06-01,Stable
1845,BOND1719,Fitch,A,2011-08-01,Stable
1846,BOND1720,Moodys,AAA,2019-03-01,Stable
1847,BOND1721,Moodys,AA+,2019-07-01,Stable
1848,BOND1722,Fitch,A,2010-03-01,Stable
1849,BOND1723,Moodys,BBB-,2014-01-01,Stable
1850,BOND1724,Moodys,AAA,2010-08-01,Stable
1851,BOND1725,S&P,A,2020-07-01,Stable
1852,BOND1726,Fitch,AA,2018-02-01,Stable
1853,BOND1727,Moodys,AA,2015-11-01,Stable
1854,BOND1728,S&P,A,2021-03-01,Stable
1855,BOND1729,Fitch,A,2012-12-01,Stable
1856,BOND1730,S&P,BBB,2020-09-01,Stable
1857,BOND1731,S&P,BBB-,2014-07-01,Stable
1858,BOND1732,Fitch,AAA,2020-12-01,Stable
1859,BOND1733,Fitch,BBB,2018-06-01,Stable
1860,BOND1733,Fitch,BBB+,2020-01-01,Positive
1861,BOND1734,Moodys,A+,2021-10-01,Stable
1862,BOND1735,Fitch,AA+,2016-01-01,Stable
1863,BOND1736,Fitch,AA-,2015-12-01,Stable
1864,BOND1737,Fitch,AA,2015-06-01,Stable
1865,BOND1737,Fitch,AA+,2022-08-01,Positive
1866,BOND1738,Fitch,BBB-,2016-03-01,Stable
1867,BOND1739,Moodys,AA-,2012-09-01,Stable
1868,BOND1740,S&P,AAA,2021-09-01,Stable
1869,BOND1741,S&P,AAA,2020-04-01,Stable
1870,BOND1742,S&P,AAA,2018-07-01,Stable
1871,BOND1743,Fitch,BBB-,2017-12-01,Stable
1872,BOND1743,Fitch,BBB,2023-04-01,Positive
1873,BOND1744,Moodys,AAA,2017-06-01,Stable
1874,BOND1745,S&P,BBB-,2017-03-01,Stable
1875,BOND1746,Moodys,AA-,2022-02-01,Stable
1876,BOND1747,Fitch,A+,2019-01-01,Stable
1877,BOND1748,Fitch,AAA,2012-02-01,Stable
1878,BOND1749,Moodys,BBB+,2013-06-01,Stable
1879,BOND1750,S&P,A,2010-08-01,Stable
1880,BOND1751,S&P,AAA,2018-03-01,Stable
1881,BOND1752,S&P,BBB-,2013-07-01,Stable
1882,BOND1753,S&P,A,2020-08-01,Stable
1883,BOND1754,Fitch,BBB+,2015-10-01,Stable
1884,BOND1755,Moodys,BBB+,2010-05-01,Stable
1885,BOND1756,S&P,BBB-,2013-05-01,Stable
1886,BOND1757,Fitch,AA+,2018-06-01,Stable
1887,BOND1758,Fitch,A-,2011-12-01,Stable
1888,BOND1759,Moodys,A,2018-07-01,Stable
1889,BOND1760,Moodys,AA-,2011-12-01,Stable
1890,BOND1760,Moodys,AA,2020-09-01,Positive
1891,BOND1761,Moodys,A,2016-09-01,Stable
1892,BOND1762,Fitch,AA,2022-01-01,Stable
1893,BOND1763,Fitch,AA-,2021-06-01,Stable
1894,BOND1764,S&P,BBB-,2013-02-01,Stable
1895,BOND1765,Fitch,A,2018-07-01,Stable
1896,BOND1766,Fitch,AA-,2012-11-01,Stable
1897,BOND1767,Moodys,A-,2018-03-01,Stable
1898,BOND1767,Moodys,A,2021-05-01,Positive
1899,BOND1768,Fitch,A+,2022-03-01,Stable
1900,BOND1769,Fitch,BBB+,2013-08-01,Stable
1901,BOND1770,Moodys,BBB-,2018-04-01,Stable
1902,BOND1771,Fitch,BBB-,2016-01-01,Stable
1903,BOND1772,Moodys,A-,2017-09-01,Stable
1904,BOND1773,S&P,AA,2014-04-01,Stable
1905,BOND1774,Moodys,AAA,2022-07-01,Stable
1906,BOND1775,S&P,BBB,2020-03-01,Stable
1907,BOND1776,S&P,BBB,2010-02-01,Stable
1908,BOND1777,Fitch,BBB+,2014-06-01,Stable
1909,BOND1778,Fitch,AA+,2016-07-01,Stable
1910,BOND1779,S&P,AA-,2011-02-01,Stable
1911,BOND1780,S&P,AA+,2020-05-01,Stable
1912,BOND1781,S&P,A,2013-03-01,Stable
1913,BOND1782,S&P,A-,2020-12-01,Stable
1914,BOND1783,Fitch,BBB-,2022-08-01,Stable
1915,BOND1784,Moodys,AAA,2017-05-01,Stable
1916,BOND1785,Moodys,BBB-,2012-12-01,Stable
1917,BOND1786,Fitch,AAA,2018-10-01,Stable
1918,BOND1787,S&P,A,2022-02-01,Stable
1919,BOND1787,S&P,A-,2023-07-01,Negative
1920,BOND1788,Moodys,AAA,2014-06-01,Stable
1921,BOND1789,Fitch,AA-,2022-12-01,Stable
1922,BOND1790,Moodys,BBB+,2015-06-01,Stable
1923,BOND1791,S&P,A,2021-02-01,Stable
1924,BOND1791,S&P,A-,2021-05-01,Negative
1925,BOND1792,S&P,AAA,2015-10-01,Stable
1926,BOND1793,S&P,AAA,2013-12-01,Stable
1927,BOND1794,S&P,A,2013-09-01,Stable
1928,BOND1795,S&P,AA-,2020-06-01,Stable
1929,BOND1796,Fitch,BBB,2017-07-01,Stable
1930,BOND1797,Fitch,A-,2017-08-01,Stable
1931,BOND1798,Fitch,AA-,2010-06-01,Stable
1932,BOND1799,S&P,AAA,2016-06-01,Stable
1933,BOND1800,S&P,AA-,2019-03-01,Stable
1934,BOND1801,Moodys,BBB+,2013-06-01,Stable
1935,BOND1802,S&P,BBB+,2014-08-01,Stable
1936,BOND1803,S&P,AAA,2012-05-01,Stable
1937,BOND1804,Moodys,AA-,2011-05-01,Stable
1938,BOND1805,Fitch,AA+,2013-08-01,Stable
1939,BOND1806,Moodys,A,2014-01-01,Stable
1940,BOND1807,S&P,BBB,2012-03-01,Stable
1941,BOND1808,S&P,BBB+,2016-11-01,Stable
1942,BOND1809,Fitch,A+,2020-01-01,Stable
1943,BOND1810,S&P,AAA,2019-09-01,Stable
1944,BOND1811,Moodys,AA-,2013-03-01,Stable
1945,BOND1812,S&P,AAA,2013-12-01,Stable
1946,BOND1813,Moodys,AA+,2022-01-01,Stable
1947,BOND1814,Moodys,A+,2020-12-01,Stable
1948,BOND1815,Moodys,A,2015-02-01,Stable
1949,BOND1816,Moodys,BBB-,2012-04-01,Stable
1950,BOND1817,Moodys,BBB+,2022-08-01,Stable
1951,BOND1818,Moodys,A,2016-04-01,Stable
1952,BOND1819,Moodys,A+,2020-02-01,Stable
1953,BOND1820,S&P,BBB,2011-06-01,Stable
1954,BOND1821,S&P,BBB-,2014-06-01,Stable
1955,BOND1822,Fitch,A,2020-08-01,Stable
1956,BOND1822,Fitch,A+,2022-04-01,Positive
1957,BOND1823,S&P,AA+,2022-01-01,Stable
1958,BOND1824,S&P,BBB+,2014-02-01,Stable
1959,BOND1825,Fitch,AAA,2014-02-01,Stable
1960,BOND1826,S&P,AA+,2013-01-01,Stable
1961,BOND1827,S&P,AAA,2018-12-01,Stable
1962,BOND1828,S&P,A-,2022-11-01,Stable
1963,BOND1829,S&P,AA+,2016-07-01,Stable
1964,BOND1830,Fitch,AAA,2017-10-01,Stable
1965,BOND1831,S&P,AA-,2020-09-01,Stable
1966,BOND1832,Moodys,A-,2022-02-01,Stable
1967,BOND1833,Moodys,AA,2018-02-01,Stable
1968,BOND1834,Moodys,AA+,2011-04-01,Stable
1969,BOND1835,Moodys,AAA,2010-03-01,Stable
1970,BOND1836,S&P,BBB-,2022-10-01,Stable
1971,BOND1837,Moodys,AA+,2018-01-01,Stable
1972,BOND1838,Fitch,A,2012-05-01,Stable
1973,BOND1839,Moodys,AA+,2017-08-01,Stable
1974,BOND1839,Moodys,AA,2022-06-01,Negative
1975,BOND1840,Moodys,AA,2016-11-01,Stable
1976,BOND1841,Fitch,AA,2012-05-01,Stable
1977,BOND1842,Moodys,A,2012-10-01,Stable
1978,BOND1842,Moodys,A+,2020-06-01,Positive
1979,BOND1843,Fitch,AAA,2010-03-01,Stable
1980,BOND1844,Moodys,BBB,2021-01-01,Stable
1981,BOND1845,Moodys,AA,2022-05-01,Stable
1982,BOND1846,Moodys,AA-,2016-03-01,Stable
1983,BOND1847,Fitch,BBB,2021-03-01,Stable
1984,BOND1848,Moodys,AA,2010-05-01,Stable
1985,BOND1849,S&P,BBB,2011-01-01,Stable
1986,BOND1850,S&P,AAA,2020-06-01,Stable
1987,BOND1851,Moodys,AAA,2014-11-01,Stable
1988,BOND1852,Fitch,AA+,2018-09-01,Stable
1989,BOND1853,S&P,A-,2010-12-01,Stable
1990,BOND1854,S&P,A,2021-09-01,Stable
1991,BOND1855,Moodys,A,2013-11-01,Stable
1992,BOND1856,S&P,AAA,2015-02-01,Stable
1993,BOND1857,S&P,BBB-,2013-11-01,Stable
1994,BOND1858,Moodys,AA-,2022-01-01,Stable
1995,BOND1858,Moodys,AA,2023-05-01,Positive
1996,BOND1859,S&P,BBB+,2021-04-01,Stable
1997,BOND1860,S&P,BBB+,2016-08-01,Stable
1998,BOND1861,Fitch,A-,2010-12-01,Stable
1999,BOND1862,Moodys,AA-,2010-08-01,Stable
2000,BOND1863,Moodys,BBB,2013-04-01,Stable
2001,BOND1864,S&P,AAA,2018-08-01,Stable
2002,BOND1865,S&P,AAA,2013-07-01,Stable
2003,BOND1866,S&P,AAA,2017-11-01,Stable
2004,BOND1867,Moodys,AA,2020-02-01,Stable
2005,BOND1868,S&P,AAA,2017-07-01,Stable
2006,BOND1869,Fitch,BBB+,2016-05-01,Stable
2007,BOND1870,Moodys,AAA,2020-04-01,Stable
2008,BOND1871,Moodys,AAA,2021-07-01,Stable
2009,BOND1872,Fitch,AAA,2011-10-01,Stable
2010,BOND1873,Fitch,BBB-,2010-02-01,Stable
2011,BOND1874,Fitch,AAA,2020-10-01,Stable
2012,BOND1875,Fitch,A,2020-10-01,Stable
2013,BOND1876,Fitch,AA+,2014-02-01,Stable
2014,BOND1877,S&P,AA-,2012-11-01,Stable
2015,BOND1878,S&P,AAA,2015-09-01,Stable
2016,BOND1879,Moodys,AAA,2020-02-01,Stable
2017,BOND1880,S&P,AAA,2015-07-01,Stable
2018,BOND1881,S&P,AAA,2019-11-01,Stable
2019,BOND1882,Moodys,A+,2010-12-01,Stable
2020,BOND1883,S&P,BBB+,2011-07-01,Stable
2021,BOND1884,S&P,A+,2012-08-01,Stable
2022,BOND1885,S&P,A-,2019-11-01,Stable
2023,BOND1886,S&P,BBB-,2011-02-01,Stable
2024,BOND1887,Fitch,AA,2018-01-01,Stable
2025,BOND1888,Fitch,BBB+,2012-03-01,Stable
2026,BOND1889,S&P,BBB+,2018-04-01,Stable
2027,BOND1890,Fitch,A-,2021-01-01,Stable
2028,BOND1891,Moodys,AAA,2014-07-01,Stable
2029,BOND1892,Moodys,AAA,2017-04-01,Stable
2030,BOND1893,Fitch,AAA,2010-03-01,Stable
2031,BOND1894,Fitch,AAA,2018-05-01,Stable
2032,BOND1895,Fitch,AA-,2015-08-01,Stable
2033,BOND1896,S&P,AA,2016-09-01,Stable
2034,BOND1897,Fitch,BBB,2021-10-01,Stable
2035,BOND1898,Fitch,A-,2010-09-01,Stable
2036,BOND1899,S&P,AAA,2019-02-01,Stable
2037,BOND1900,Fitch,AAA,2010-10-01,Stable
2038,BOND1901,Fitch,AAA,2016-02-01,Stable
2039,BOND1902,Moodys,AAA,2019-08-01,Stable
2040,BOND1903,Fitch,BBB+,2015-07-01,Stable
2041,BOND1904,Moodys,A-,2011-06-01,Stable
2042,BOND1905,Moodys,AA+,2022-02-01,Stable
2043,BOND1906,Fitch,A-,2014-04-01,Stable
2044,BOND1907,Moodys,AA+,2020-11-01,Stable
2045,BOND1908,Moodys,BBB,2012-02-01,Stable
2046,BOND1909,Moodys,AA-,2015-04-01,Stable
2047,BOND1909,Moodys,AA,2020-12-01,Positive
2048,BOND1910,Fitch,A+,2014-11-01,Stable
2049,BOND1911,Fitch,BBB+,2011-08-01,Stable
2050,BOND1912,Fitch,A+,2017-06-01,Stable
2051,BOND1913,Moodys,AA+,2010-07-01,Stable
2052,BOND1914,Fitch,A+,2011-11-01,Stable
2053,BOND1915,Fitch,AAA,2010-01-01,Stable
2054,BOND1916,Moodys,AA,2011-12-01,Stable
2055,BOND1916,Moodys,AA-,2021-08-01,Negative
2056,BOND1917,Fitch,BBB+,2016-09-01,Stable
2057,BOND1917,Fitch,BBB,2022-12-01,Negative
2058,BOND1918,Fitch,A,2022-03-01,Stable
2059,BOND1919,Moodys,BBB+,2016-04-01,Stable
2060,BOND1920,Fitch,AA+,2020-05-01,Stable
2061,BOND1921,Fitch,AAA,2018-08-01,Stable
2062,BOND1922,Fitch,A-,2020-06-01,Stable
2063,BOND1923,Moodys,AA-,2022-02-01,Stable
2064,BOND1924,Moodys,AA+,2010-02-01,Stable
2065,BOND1925,Moodys,AAA,2014-04-01,Stable
2066,BOND1926,Moodys,A-,2016-09-01,Stable
2067,BOND1927,Moodys,BBB-,2020-11-01,Stable
2068,BOND1928,Moodys,AAA,2022-05-01,Stable
2069,BOND1929,Fitch,BBB-,2011-03-01,Stable
2070,BOND1930,Moodys,AAA,2010-01-01,Stable
2071,BOND1931,Moodys,AAA,2015-03-01,Stable
2072,BOND1932,S&P,BBB+,2012-06-01,Stable
2073,BOND1933,Moodys,AA-,2022-04-01,Stable
2074,BOND1934,Fitch,BBB+,2021-02-01,Stable
2075,BOND1935,S&P,A+,2021-10-01,Stable
2076,BOND1936,S&P,BBB-,2010-07-01,Stable
2077,BOND1937,Fitch,AA-,2013-10-01,Stable
2078,BOND1938,S&P,AA+,2022-08-01,Stable
2079,BOND1939,Moodys,AA-,2022-02-01,Stable
2080,BOND1940,S&P,BBB-,2019-08-01,Stable
2081,BOND1941,Moodys,AAA,2021-08-01,Stable
2082,BOND1942,Fitch,AAA,2018-10-01,Stable
2083,BOND1943,Fitch,A-,2014-04-01,Stable
2084,BOND1944,Fitch,BBB+,2010-11-01,Stable
2085,BOND1945,S&P,A,2011-07-01,Stable
2086,BOND1946,S&P,AAA,2017-11-01,Stable
2087,BOND1947,Fitch,A+,2014-09-01,Stable
2088,BOND1948,Fitch,AAA,2021-04-01,Stable
2089,BOND1949,Fitch,AAA,2017-12-01,Stable
2090,BOND1950,Moodys,AAA,2017-07-01,Stable
2091,BOND1951,S&P,AA+,2020-05-01,Stable
2092,BOND1952,Fitch,BBB+,2019-02-01,Stable
2093,BOND1953,Moodys,AAA,2022-04-01,Stable
2094,BOND1954,Moodys,AAA,2020-05-01,Stable
2095,BOND1955,Moodys,BBB+,2011-11-01,Stable
2096,BOND1956,Moodys,AAA,2011-07-01,Stable
2097,BOND1957,Fitch,A-,2012-01-01,Stable
2098,BOND1958,Moodys,A,2015-02-01,Stable
2099,BOND1959,Fitch,A,2015-11-01,Stable
2100,BOND1960,S&P,A-,2011-04-01,Stable
2101,BOND1961,Moodys,AA+,2019-10-01,Stable
2102,BOND1962,Fitch,AA-,2013-05-01,Stable
2103,BOND1963,Moodys,BBB-,2013-10-01,Stable
2104,BOND1964,S&P,AAA,2010-05-01,Stable
2105,BOND1965,S&P,A,2018-10-01,Stable
2106,BOND1966,S&P,A,2011-04-01,Stable
2107,BOND1967,Fitch,AAA,2010-03-01,Stable
2108,BOND1968,S&P,AAA,2013-06-01,Stable
2109,BOND1969,S&P,BBB+,2014-09-01,Stable
2110,BOND1970,Fitch,BBB-,2020-10-01,Stable
2111,BOND1971,Moodys,BBB+,2019-01-01,Stable
2112,BOND1972,Fitch,AAA,2015-09-01,Stable
2113,BOND1973,Fitch,AA-,2011-10-01,Stable
2114,BOND1974,Moodys,A,2012-10-01,Stable
2115,BOND1975,Fitch,AAA,2015-07-01,Stable
2116,BOND1976,S&P,A-,2017-04-01,Stable
2117,BOND1977,Moodys,AA-,2021-08-01,Stable
2118,BOND1978,S&P,AAA,2013-11-01,Stable
2119,BOND1979,S&P,A,2020-09-01,Stable
2120,BOND1980,S&P,AAA,2011-02-01,Stable
2121,BOND1981,Fitch,AA+,2015-08-01,Stable
2122,BOND1982,S&P,BBB-,2021-09-01,Stable
2123,BOND1983,S&P,AAA,2020-02-01,Stable
2124,BOND1984,Moodys,AAA,2010-09-01,Stable
2125,BOND1985,Moodys,AA-,2022-10-01,Stable
2126,BOND1986,Fitch,AA,2021-06-01,Stable
2127,BOND1987,Fitch,AAA,2017-02-01,Stable
2128,BOND1988,Fitch,BBB+,2014-03-01,Stable
2129,BOND1989,S&P,AA-,2021-12-01,Stable
2130,BOND1990,S&P,BBB,2019-08-01,Stable
2131,BOND1991,S&P,AA+,2021-06-01,Stable
2132,BOND1992,S&P,BBB-,2020-05-01,Stable
2133,BOND1993,Moodys,A,2020-08-01,Stable
2134,BOND1994,Moodys,AA+,2013-02-01,Stable
2135,BOND1995,S&P,BBB,2021-06-01,Stable
2136,BOND1996,Fitch,A-,2017-12-01,Stable
2137,BOND1997,Moodys,A,2021-12-01,Stable
2138,BOND1998,S&P,AAA,2014-05-01,Stable
2139,BOND1999,Moodys,BBB-,2012-06-01,Stable
